


ARM Macro Assembler    Page 1 


    1 00000000         #line   1                "..\\..\\..\\..\\src\\mcu\\rtl8
7x3\\arm\\startup_rtl87x3d.s"
    1 00000000         ; 
    2 00000000         ; 
    3 00000000         ; 
    4 00000000         #line   1                "..\\inc\\rtl87x3d\\mem_config.
h"
    1 00000000         
    2 00000000         
    3 00000000         
    4 00000000         
    5 00000000         
    6 00000000         
    7 00000000         
    8 00000000         
    9 00000000         
   10 00000000         
   11 00000000         
   12 00000000         
   13 00000000         
   14 00000000         
   15 00000000         
   16 00000000         
   17 00000000         
   18 00000000         
   19 00000000         
   20 00000000         
   21 00000000         
   22 00000000         
   23 00000000         
   24 00000000         
   25 00000000         
   26 00000000         
   27 00000000         
   28 00000000         
   29 00000000         
   30 00000000         
   31 00000000         
   32 00000000         
   33 00000000         
   34 00000000         
   35 00000000         
   36 00000000         
   37 00000000         
   38 00000000         
   39 00000000         
   40 00000000         
   41 00000000         
   42 00000000         
   43 00000000         
   44 00000000         
   45 00000000         
   46 00000000         
   47 00000000         
   48 00000000         
   49 00000000         
   50 00000000         
   51 00000000         
   52 00000000         



ARM Macro Assembler    Page 2 


   53 00000000         
   54 00000000         
   55 00000000         
   56 00000000         
   57 00000000         
   58 00000000         
   59 00000000         
   60 00000000         
   61 00000000         
   62 00000000         
   63 00000000         
   64 00000000         
   65 00000000         
   66 00000000         
   67 00000000         
   68 00000000         
   69 00000000         
   70 00000000         
   71 00000000         
   72 00000000         
   73 00000000         
   74 00000000         
   75 00000000         
   76 00000000         
   77 00000000         
   78 00000000         
   79 00000000         
   80 00000000         
   81 00000000         
   82 00000000         
   83 00000000         
   84 00000000         
   85 00000000         
   86 00000000         
   87 00000000         
   88 00000000         
   89 00000000         #line   95               "..\\inc\\rtl87x3d\\mem_config.
h"
   95 00000000         
   96 00000000         
   97 00000000         
   98 00000000         
   99 00000000         
  100 00000000         
  101 00000000         
  102 00000000         
  103 00000000         
  104 00000000         
  105 00000000         
  106 00000000         
  107 00000000         
  108 00000000         
  109 00000000         
  110 00000000         
  111 00000000         
  112 00000000         
  113 00000000         
  114 00000000         
  115 00000000         



ARM Macro Assembler    Page 3 


  116 00000000         
  117 00000000         
  118 00000000         
  119 00000000         
  120 00000000         
  121 00000000         
  122 00000000         
  123 00000000         
  124 00000000         
  125 00000000         
  126 00000000         
  127 00000000         
  128 00000000         
  129 00000000         
  130 00000000         
  131 00000000         
  132 00000000         
  133 00000000         #line   5                "..\\..\\..\\..\\src\\mcu\\rtl8
7x3\\arm\\startup_rtl87x3d.s"
    5 00000000         
    6 00000000 00420000 
                       __initial_sp
                               EQU              ((0x00300000 + (80*1024)) + (48
*1024) + (0x100000))
    7 00000000         
    8 00000000                 PRESERVE8
    9 00000000                 THUMB
   10 00000000         
   11 00000000         ; Vector Table Mapped to Address 0 at Reset
   12 00000000         
   13 00000000                 AREA             VECTOR, DATA, READONLY
   14 00000000                 EXPORT           __Vectors
   15 00000000                 EXPORT           __Vectors_End
   16 00000000                 EXPORT           __Vectors_Size
   17 00000000         
   18 00000000 00420000 
                       __Vectors
                               DCD              __initial_sp ; Top of Stack
   19 00000004 00000000        DCD              Reset_Handler ; Reset Handler
   20 00000008 00000000        DCD              NMI_Handler ; NMI Handler
   21 0000000C 00000000        DCD              HardFault_Handler ; Hard Fault 
                                                            Handler
   22 00000010 00000000        DCD              MemManage_Handler 
                                                            ; MPU Fault Handler
                                                            
   23 00000014 00000000        DCD              BusFault_Handler 
                                                            ; Bus Fault Handler
                                                            
   24 00000018 00000000        DCD              UsageFault_Handler ; Usage Faul
                                                            t Handler
   25 0000001C 00000000        DCD              0           ; Reserved
   26 00000020 00000000        DCD              0           ; Reserved
   27 00000024 00000000        DCD              0           ; Reserved
   28 00000028 00000000        DCD              0           ; Reserved
   29 0000002C 00000000        DCD              SVC_Handler ; SVCall Handler
   30 00000030 00000000        DCD              DebugMon_Handler ; Debug Monito
                                                            r Handler
   31 00000034 00000000        DCD              0           ; Reserved
   32 00000038 00000000        DCD              PendSV_Handler ; PendSV Handler



ARM Macro Assembler    Page 4 


                                                            
   33 0000003C 00000000        DCD              SysTick_Handler 
                                                            ; SysTick Handler
   34 00000040         
   35 00000040         ; External Interrupts
   36 00000040 00000000        DCD              System_Handler ;[0]  System On 
                                                            interrupt
   37 00000044 00000000        DCD              WDT_Handler ;[1]  Watch dog glo
                                                            bal insterrupt
   38 00000048 00000000        DCD              BTMAC_Handler ;[2]  See Below T
                                                            able ( an Extension
                                                             of interrupt )
   39 0000004C 00000000        DCD              USB_IP_Handler ;[3]  Master Per
                                                            ipheral IP interrup
                                                            t (usb or sdio)
   40 00000050 00000000        DCD              TIM2_Handler ;[4]  Timer2 globa
                                                            l interrupt
   41 00000054 00000000        DCD              Platform_Handler ;[5]  Platform
                                                             interrupt (platfro
                                                            m error interrupt)
   42 00000058 00000000        DCD              I2S0_TX_Handler ;[6]  I2S0 inte
                                                            rrupt
   43 0000005C 00000000        DCD              I2S0_RX_Handler ;[7]  I2S1 inte
                                                            rrupt
   44 00000060 00000000        DCD              UART2_Handler ;[8]  Data_Uart1 
                                                            interrupt (used for
                                                             DSP)
   45 00000064 00000000        DCD              GPIOA0_Handler ;[9]  GPIOA0 int
                                                            errupt
   46 00000068 00000000        DCD              GPIOA1_Handler ;[10] GPIOA1 int
                                                            errupt
   47 0000006C 00000000        DCD              UART1_Handler ;[11] Log_Uart in
                                                            terrupt (Log0)
   48 00000070 00000000        DCD              UART0_Handler ;[12] Data_Uart i
                                                            nterrupt
   49 00000074 00000000        DCD              RTC_Handler ;[13] Realtime coun
                                                            ter interrupt
   50 00000078 00000000        DCD              SPI0_Handler ;[14] SPI0 interru
                                                            pt
   51 0000007C 00000000        DCD              SPI1_Handler ;[15] SPI1 interru
                                                            pt
   52 00000080 00000000        DCD              I2C0_Handler ;[16] I2C0 interru
                                                            pt
   53 00000084 00000000        DCD              I2C1_Handler ;[17] I2C1 interru
                                                            pt
   54 00000088 00000000        DCD              ADC_Handler ;[18] ADC global in
                                                            terrupt
   55 0000008C 00000000        DCD              Peripheral_Handler ;[19] See Be
                                                            low Table ( an Exte
                                                            nsion of interrupt 
                                                            )
   56 00000090 00000000        DCD              GDMA0_Channel0_Handler ;[20] RT
                                                            K-DMA0 channel 0 gl
                                                            obal interrupt
   57 00000094 00000000        DCD              GDMA0_Channel1_Handler ;[21] RT
                                                            K-DMA0 channel 1 gl
                                                            obal interrupt
   58 00000098 00000000        DCD              GDMA0_Channel2_Handler ;[22] RT
                                                            K-DMA0 channel 2 gl



ARM Macro Assembler    Page 5 


                                                            obal interrupt
   59 0000009C 00000000        DCD              GDMA0_Channel3_Handler ;[23] RT
                                                            K-DMA0 channel 3 gl
                                                            obal interrupt
   60 000000A0 00000000        DCD              GDMA0_Channel4_Handler ;[24] RT
                                                            K-DMA0 channel 4 gl
                                                            obal interrupt
   61 000000A4 00000000        DCD              GDMA0_Channel5_Handler ;[25] RT
                                                            K-DMA0 channel 5 gl
                                                            obal interrupt
   62 000000A8 00000000        DCD              KeyScan_Handler ;[26] keyscan g
                                                            lobal interrupt
   63 000000AC 00000000        DCD              QDEC_Handler ;[27] qdecode glob
                                                            al interrupt
   64 000000B0 00000000        DCD              IR_Handler  ;[28] IR module glo
                                                            bal interrupt
   65 000000B4 00000000        DCD              DSP_Handler ;[29] DSP interrupt
                                                            
   66 000000B8 00000000        DCD              GDMA0_Channel6_Handler ;[30] RT
                                                            K-DMA0 channel 6 gl
                                                            obal interrupt
   67 000000BC 00000000        DCD              GDMA0_Channel7_Handler ;[31] RT
                                                            K-DMA0 channel 7 gl
                                                            obal interrupt
   68 000000C0 00000000        DCD              GDMA0_Channel8_Handler ;[32] RT
                                                            K-DMA0 channel 8 gl
                                                            obal interrupt
   69 000000C4 00000000        DCD              GDMA0_Channel9_Handler ;[33] RT
                                                            K-DMA0 channel 9 gl
                                                            obal interrupt
   70 000000C8 00000000        DCD              GDMA0_Channel10_Handler ;[34] R
                                                            TK-DMA0 channel 6 g
                                                            lobal interrupt
   71 000000CC 00000000        DCD              GDMA0_Channel11_Handler ;[35] R
                                                            TK-DMA0 channel 7 g
                                                            lobal interrupt
   72 000000D0 00000000        DCD              GDMA0_Channel12_Handler ;[36] R
                                                            TK-DMA0 channel 8 g
                                                            lobal interrupt
   73 000000D4 00000000        DCD              GDMA0_Channel13_Handler ;[37] R
                                                            TK-DMA0 channel 9 g
                                                            lobal interrupt
   74 000000D8 00000000        DCD              GDMA0_Channel14_Handler ;[38] R
                                                            TK-DMA0 channel 6 g
                                                            lobal interrupt
   75 000000DC 00000000        DCD              GDMA0_Channel15_Handler ;[39] R
                                                            TK-DMA0 channel 7 g
                                                            lobal interrupt
   76 000000E0 00000000        DCD              TIM3_Handler ;[40] Timer3 globa
                                                            l interrupt
   77 000000E4 00000000        DCD              TIM4_Handler ;[41] Timer4 globa
                                                            l interrupt
   78 000000E8 00000000        DCD              TIM5_Handler ;[42] Timer5 globa
                                                            l interrupt
   79 000000EC 00000000        DCD              TIM6_Handler ;[43] Timer6 globa
                                                            l interrupt
   80 000000F0 00000000        DCD              TIM7_Handler ;[44] Timer7 globa
                                                            l interrupt
   81 000000F4 00000000        DCD              TIM8to11_Handler ;[45] TRNG int



ARM Macro Assembler    Page 6 


                                                            errupt
   82 000000F8 00000000        DCD              GPIO_A_9_Handler ;[46] GPIO_A[9
                                                            ] interrupt
   83 000000FC 00000000        DCD              GPIO_A_16_Handler ;[47] GPIO_A[
                                                            16] interrupt
   84 00000100 00000000        DCD              GPIO_A_2to7_Handler ;[48] GPIO_
                                                            A[2:7] interrupt
   85 00000104 00000000        DCD              GPIO_A_8_10to15_Handler ;[49] G
                                                            PIO_A[8,10:15] inte
                                                            rrupt
   86 00000108 00000000        DCD              GPIO_A_17to23_Handler ;[50] GPI
                                                            O_A[17:23] interrup
                                                            t
   87 0000010C 00000000        DCD              GPIO_A_24to31_Handler ;[51] GPI
                                                            O_A[24:31] interrup
                                                            t
   88 00000110 00000000        DCD              GPIO_B_0to7_Handler ;[52] GPIO_
                                                            B[0:7] interrupt
   89 00000114 00000000        DCD              GPIO_B_8to15_Handler ;[53] GPIO
                                                            _B[8:15] interrupt
   90 00000118 00000000        DCD              GPIO_B_16to23_Handler ;[54] GPI
                                                            O_B[16:23] interrup
                                                            t
   91 0000011C 00000000        DCD              GPIO_B_24to31_Handler ;[55] GPI
                                                            O_B[24:31] interrup
                                                            t
   92 00000120 00000000        DCD              UART3_Handler ;[56] Uart3 inter
                                                            rupt(used for DSP)
   93 00000124 00000000        DCD              SPI2_Handler ;[57] SPI2 interru
                                                            pt
   94 00000128 00000000        DCD              I2C2_Handler ;[58] I2C2 interru
                                                            pt
   95 0000012C 00000000        DCD              DSP_Event_1_Handler ;[59] DSP e
                                                            vent interrupt 1
   96 00000130 00000000        DCD              DSP_Event_2_Handler ;[60] DSP e
                                                            vent interrupt 2
   97 00000134 00000000        DCD              SHA256_Handler ;[61] SHA256 int
                                                            errupt
   98 00000138 00000000        DCD              USB_ISOC_Handler ;[62] USB ISO 
                                                            interrupt
   99 0000013C 00000000        DCD              BT_CLK_compare_Handler ;[63] BT
                                                             clock compare inte
                                                            rrupt
  100 00000140 00000000        DCD              HW_RSA_Handler ;[64] HW RSA int
                                                            errupt
  101 00000144 00000000        DCD              PSRAM_Handler ;[65] PSRAM inter
                                                            rupt
  102 00000148 00000000        DCD              Compare_clk_4_Handler ;[66] Com
                                                            pare Clock interrup
                                                            t 4
  103 0000014C 00000000        DCD              Compare_clk_5_Handler ;[67] Com
                                                            pare Clock interrup
                                                            t 5
  104 00000150 00000000        DCD              dspdma_int_all_host_Handler ;[6
                                                            8] RTK-DMA0 channel
                                                             0 global interrupt
                                                            
  105 00000154 00000000        DCD              NNA_Handler ;[69] RTK-DMA0 chan
                                                            nel 1 global interr



ARM Macro Assembler    Page 7 


                                                            upt
  106 00000158 00000000        DCD              Compare_clk_9_Handler ;[70] RTK
                                                            -DMA0 channel 2 glo
                                                            bal interrupt
  107 0000015C 00000000        DCD              Compare_clk_10_Handler ;[71] RT
                                                            K-DMA0 channel 3 gl
                                                            obal interrupt
  108 00000160 00000000        DCD              GPIO_C_0to7_Handler ;[72] RTK-D
                                                            MA0 channel 4 globa
                                                            l interrupt
  109 00000164 00000000        DCD              GPIO_C_8to15_Handler ;[73] RTK-
                                                            DMA0 channel 5 glob
                                                            al interrupt
  110 00000168 00000000        DCD              0           ;[74] RTK-DMA0 chan
                                                            nel 6 global interr
                                                            upt
  111 0000016C 00000000        DCD              0           ;[75] RTK-DMA0 chan
                                                            nel 7 global interr
                                                            upt
  112 00000170 00000000        DCD              TIM8_Handler ;[76] Timer8 globa
                                                            l interrupt
  113 00000174 00000000        DCD              TIM9_Handler ;[77] Timer9 globa
                                                            l interrupt
  114 00000178 00000000        DCD              TIM10_Handler ;[78] Timer10 glo
                                                            bal interrupt
  115 0000017C 00000000        DCD              TIM11_Handler ;[79] Timer11 glo
                                                            bal interrupt
  116 00000180 00000000        DCD              TIM12_Handler ;[80] Timer12 glo
                                                            bal interrupt
  117 00000184 00000000        DCD              TIM13_Handler ;[81] Timer13 glo
                                                            bal interrupt
  118 00000188 00000000        DCD              TIM14_Handler ;[82] Timer14 glo
                                                            bal interrupt
  119 0000018C 00000000        DCD              TIM15_Handler ;[83] Timer15 glo
                                                            bal interrupt
  120 00000190 00000000        DCD              SPIC0_Handler ;[84] SPIC0 inter
                                                            rupt
  121 00000194 00000000        DCD              SPIC1_Handler ;[85] SPIC1 inter
                                                            rupt
  122 00000198 00000000        DCD              SPIC2_Handler ;[86] SPIC2 inter
                                                            rupt
  123 0000019C 00000000        DCD              SPIC3_Handler ;[87] SPIC3 inter
                                                            rupt
  124 000001A0 00000000        DCD              SDIO_HOST_Handler ;[88] SDIO ho
                                                            st interrupt
  125 000001A4 00000000        DCD              SPIC4_Handler
  126 000001A8 00000000        DCD              ERR_CORR_CODE_Handler
  127 000001AC 00000000        DCD              SLAVE_PORT_MONITOR_Handler
  128 000001B0         ;       Name,                     IRQ_NUM,  StatusBit
  129 000001B0 00000000        DCD              RESERVED0_Handler ;19,      0,
  130 000001B4 00000000        DCD              RESERVED1_Handler ;19,      1,
  131 000001B8 00000000        DCD              RESERVED2_Handler ;19,      2,
  132 000001BC 00000000        DCD              RESERVED3_Handler ;19,      3,
  133 000001C0 00000000        DCD              RESERVED4_Handler ;19,      4,
  134 000001C4 00000000        DCD              RESERVED5_Handler ;19,      5,
  135 000001C8 00000000        DCD              RESERVED6_Handler ;19,      6,
  136 000001CC 00000000        DCD              SPDIF_Rx_Handler ;19,      7,
  137 000001D0 00000000        DCD              SPDIF_Tx_Handler ;19,      8,
  138 000001D4 00000000        DCD              MBIAS_MFG_DET_L_Handler 



ARM Macro Assembler    Page 8 


                                                            ;19,      9,
  139 000001D8 00000000        DCD              SPI2W_Handler ;19,      10,
  140 000001DC 00000000        DCD              LPCOMP_Handler ;19,      11,
  141 000001E0 00000000        DCD              MBIAS_VBAT_DET_Handler 
                                                            ;19,      12,
  142 000001E4 00000000        DCD              MBIAS_ADP_DET_Handler 
                                                            ;19,      13,
  143 000001E8 00000000        DCD              HW_ASRC1_Handler ;19,      14,
  144 000001EC 00000000        DCD              HW_ASRC2_Handler ;19,      15,
  145 000001F0 00000000        DCD              VADBUF_Handler ;19,      16,
  146 000001F4 00000000        DCD              PTA_Mailbox_Handler 
                                                            ;19,      17,
  147 000001F8 00000000        DCD              DSP2MCU_Handler ;19,      18,
  148 000001FC 00000000        DCD              SPORT2_TX_Handler ;19,      19,
                                                            
  149 00000200 00000000        DCD              SPORT2_RX_Handler ;19,      20,
                                                            
  150 00000204 00000000        DCD              SPORT3_TX_Handler ;19,      21,
                                                            
  151 00000208 00000000        DCD              SPORT3_RX_Handler ;19,      22,
                                                            
  152 0000020C 00000000        DCD              VAD_Handler ;19,      23,
  153 00000210 00000000        DCD              ANC_Handler ;19,      24,
  154 00000214 00000000        DCD              SPORT0_TX_Handler ;19,      25,
                                                            
  155 00000218 00000000        DCD              SPORT0_RX_Handler ;19,      26,
                                                            
  156 0000021C 00000000        DCD              SPORT1_TX_Handler ;19,      27,
                                                            
  157 00000220 00000000        DCD              SPORT1_RX_Handler ;19,      28,
                                                            
  158 00000224 00000000        DCD              USB_UTMI_SUSPEND_N_Handler 
                                                            ;19,      29,
  159 00000228 00000000        DCD              USB_DLPS_Resume_Handler 
                                                            ;19,      30,
  160 0000022C 00000000        DCD              RESERVED7_Handler ;19,      31,
                                                            
  161 00000230 00000000        DCD              ADP_IN_DET_Handler
  162 00000234 00000000        DCD              ADP_OUT_DET_Handler
  163 00000238 00000000        DCD              GPIOA2_Handler
  164 0000023C 00000000        DCD              GPIOA3_Handler
  165 00000240 00000000        DCD              GPIOA4_Handler
  166 00000244 00000000        DCD              GPIOA5_Handler
  167 00000248 00000000        DCD              GPIOA6_Handler
  168 0000024C 00000000        DCD              GPIOA7_Handler
  169 00000250 00000000        DCD              GPIOA8_Handler
  170 00000254 00000000        DCD              GPIOA9_Handler
  171 00000258 00000000        DCD              GPIOA10_Handler
  172 0000025C 00000000        DCD              GPIOA11_Handler
  173 00000260 00000000        DCD              GPIOA12_Handler
  174 00000264 00000000        DCD              GPIOA13_Handler
  175 00000268 00000000        DCD              GPIOA14_Handler
  176 0000026C 00000000        DCD              GPIOA15_Handler
  177 00000270 00000000        DCD              GPIOA16_Handler
  178 00000274 00000000        DCD              GPIOA17_Handler
  179 00000278 00000000        DCD              GPIOA18_Handler
  180 0000027C 00000000        DCD              GPIOA19_Handler
  181 00000280 00000000        DCD              GPIOA20_Handler
  182 00000284 00000000        DCD              GPIOA21_Handler



ARM Macro Assembler    Page 9 


  183 00000288 00000000        DCD              GPIOA22_Handler
  184 0000028C 00000000        DCD              GPIOA23_Handler
  185 00000290 00000000        DCD              GPIOA24_Handler
  186 00000294 00000000        DCD              GPIOA25_Handler
  187 00000298 00000000        DCD              GPIOA26_Handler
  188 0000029C 00000000        DCD              GPIOA27_Handler
  189 000002A0 00000000        DCD              GPIOA28_Handler
  190 000002A4 00000000        DCD              GPIOA29_Handler
  191 000002A8 00000000        DCD              GPIOA30_Handler
  192 000002AC 00000000        DCD              GPIOA31_Handler
  193 000002B0 00000000        DCD              GPIOB0_Handler
  194 000002B4 00000000        DCD              GPIOB1_Handler
  195 000002B8 00000000        DCD              GPIOB2_Handler
  196 000002BC 00000000        DCD              GPIOB3_Handler
  197 000002C0 00000000        DCD              GPIOB4_Handler
  198 000002C4 00000000        DCD              GPIOB5_Handler
  199 000002C8 00000000        DCD              GPIOB6_Handler
  200 000002CC 00000000        DCD              GPIOB7_Handler
  201 000002D0 00000000        DCD              GPIOB8_Handler
  202 000002D4 00000000        DCD              GPIOB9_Handler
  203 000002D8 00000000        DCD              GPIOB10_Handler
  204 000002DC 00000000        DCD              GPIOB11_Handler
  205 000002E0 00000000        DCD              GPIOB12_Handler
  206 000002E4 00000000        DCD              GPIOB13_Handler
  207 000002E8 00000000        DCD              GPIOB14_Handler
  208 000002EC 00000000        DCD              GPIOB15_Handler
  209 000002F0 00000000        DCD              GPIOB16_Handler
  210 000002F4 00000000        DCD              GPIOB17_Handler
  211 000002F8 00000000        DCD              GPIOB18_Handler
  212 000002FC 00000000        DCD              GPIOB19_Handler
  213 00000300 00000000        DCD              GPIOB20_Handler
  214 00000304 00000000        DCD              GPIOB21_Handler
  215 00000308 00000000        DCD              GPIOB22_Handler
  216 0000030C 00000000        DCD              GPIOB23_Handler
  217 00000310 00000000        DCD              GPIOB24_Handler
  218 00000314 00000000        DCD              GPIOB25_Handler
  219 00000318 00000000        DCD              GPIOB26_Handler
  220 0000031C 00000000        DCD              GPIOB27_Handler
  221 00000320 00000000        DCD              GPIOB28_Handler
  222 00000324 00000000        DCD              GPIOB29_Handler
  223 00000328 00000000        DCD              GPIOB30_Handler
  224 0000032C 00000000        DCD              GPIOB31_Handler
  225 00000330 00000000        DCD              GPIOC0_Handler
  226 00000334 00000000        DCD              GPIOC1_Handler
  227 00000338 00000000        DCD              GPIOC2_Handler
  228 0000033C 00000000        DCD              GPIOC3_Handler
  229 00000340 00000000        DCD              GPIOC4_Handler
  230 00000344 00000000        DCD              GPIOC5_Handler
  231 00000348 00000000        DCD              GPIOC6_Handler
  232 0000034C 00000000        DCD              GPIOC7_Handler
  233 00000350 00000000        DCD              GPIOC8_Handler
  234 00000354 00000000        DCD              GPIOC9_Handler
  235 00000358 00000000        DCD              GPIOC10_Handler
  236 0000035C 00000000        DCD              GPIOC11_Handler
  237 00000360 00000000        DCD              GPIOC12_Handler
  238 00000364 00000000        DCD              GPIOC13_Handler
  239 00000368 00000000        DCD              GPIOC14_Handler
  240 0000036C 00000000        DCD              GPIOC15_Handler
  241 00000370         __Vectors_End



ARM Macro Assembler    Page 10 


  242 00000370         
  243 00000370 00000370 
                       __Vectors_Size
                               EQU              __Vectors_End - __Vectors
  244 00000370         
  245 00000370                 AREA             RESET, CODE, READONLY
  246 00000000         
  247 00000000         ; Reset Handler
  248 00000000         Reset_Handler
                               PROC
  249 00000000                 EXPORT           Reset_Handler               [WE
AK]
  250 00000000                 IMPORT           system_init
  251 00000000                 IMPORT           __main
  252 00000000         
  253 00000000                 IF               :DEF:__USE_C_LIBRARY_INIT ; 
  261 00000000         
  262 00000000         ; write our init flow: copy rw, encrypted and clear zi
  263 00000000         ; data on rw, data on zi, buffer on rw, buffer on zi
  264 00000000         
  265 00000000         ; copy data on rw
  266 00000000                 IMPORT           |Load$$RAM_GLOBAL$$RW$$Base|
  267 00000000                 IMPORT           |Image$$RAM_GLOBAL$$RW$$Base|
  268 00000000                 IMPORT           |Image$$RAM_GLOBAL$$RW$$Length|
  269 00000000 481A            LDR              R0, =|Load$$RAM_GLOBAL$$RW$$Bas
e|
  270 00000002 491B            LDR              R1, =|Image$$RAM_GLOBAL$$RW$$Ba
se|
  271 00000004 4A1B            LDR              R2, =|Image$$RAM_GLOBAL$$RW$$Le
ngth|
  272 00000006 2A00            CMP              R2, #0
  273 00000008 D005            BEQ              end_of_copy_data_on_rw
  274 0000000A         copy_data_on_rw
  275 0000000A 6803            LDR              R3, [R0]
  276 0000000C 1D00            ADDS             R0, R0, #4
  277 0000000E 600B            STR              R3, [R1]
  278 00000010 1D09            ADDS             R1, R1, #4
  279 00000012 1F12            SUBS             R2, R2, #4
  280 00000014 D1F9            BNE              copy_data_on_rw
  281 00000016         end_of_copy_data_on_rw
  282 00000016         
  283 00000016         ; clear data on zi
  284 00000016                 IMPORT           |Image$$RAM_GLOBAL$$ZI$$Base|
  285 00000016                 IMPORT           |Image$$RAM_GLOBAL$$ZI$$Length|
  286 00000016 4818            LDR              R0, =|Image$$RAM_GLOBAL$$ZI$$Ba
se|
  287 00000018 4918            LDR              R1, =|Image$$RAM_GLOBAL$$ZI$$Le
ngth|
  288 0000001A 2900            CMP              R1, #0
  289 0000001C D003            BEQ              end_of_clear_data_on_zi
  290 0000001E         clear_data_on_zi
  291 0000001E 6002            STR              R2, [R0]
  292 00000020 1D00            ADDS             R0, R0, #4
  293 00000022 1F09            SUBS             R1, R1, #4
  294 00000024 D1FB            BNE              clear_data_on_zi
  295 00000026         end_of_clear_data_on_zi
  296 00000026         
  297 00000026         ; copy buffer on rw
  298 00000026                 IMPORT           |Load$$RAM_TEXT$$RW$$Base|



ARM Macro Assembler    Page 11 


  299 00000026                 IMPORT           |Image$$RAM_TEXT$$RW$$Base|
  300 00000026                 IMPORT           |Image$$RAM_TEXT$$RW$$Length|
  301 00000026 4816            LDR              R0, =|Load$$RAM_TEXT$$RW$$Base|
  302 00000028 4916            LDR              R1, =|Image$$RAM_TEXT$$RW$$Base
|
  303 0000002A 4A17            LDR              R2, =|Image$$RAM_TEXT$$RW$$Leng
th|
  304 0000002C 2A00            CMP              R2, #0
  305 0000002E D005            BEQ              end_of_copy_buffer_on_rw
  306 00000030         copy_buffer_on_rw
  307 00000030 6803            LDR              R3, [R0]
  308 00000032 1D00            ADDS             R0, R0, #4
  309 00000034 600B            STR              R3, [R1]
  310 00000036 1D09            ADDS             R1, R1, #4
  311 00000038 1F12            SUBS             R2, R2, #4
  312 0000003A D1F9            BNE              copy_buffer_on_rw
  313 0000003C         end_of_copy_buffer_on_rw
  314 0000003C         
  315 0000003C         ; copy buffer on ro (for ram function)
  316 0000003C                 IMPORT           |Load$$RAM_TEXT$$RO$$Base|
  317 0000003C                 IMPORT           |Image$$RAM_TEXT$$RO$$Base|
  318 0000003C                 IMPORT           |Image$$RAM_TEXT$$RO$$Length|
  319 0000003C 4813            LDR              R0, =|Load$$RAM_TEXT$$RO$$Base|
  320 0000003E 4914            LDR              R1, =|Image$$RAM_TEXT$$RO$$Base
|
  321 00000040 4A14            LDR              R2, =|Image$$RAM_TEXT$$RO$$Leng
th|
  322 00000042 2A00            CMP              R2, #0
  323 00000044 D005            BEQ              end_of_copy_buffer_on_ro
  324 00000046         copy_buffer_on_ro
  325 00000046 6803            LDR              R3, [R0]
  326 00000048 1D00            ADDS             R0, R0, #4
  327 0000004A 600B            STR              R3, [R1]
  328 0000004C 1D09            ADDS             R1, R1, #4
  329 0000004E 1F12            SUBS             R2, R2, #4
  330 00000050 D1F9            BNE              copy_buffer_on_ro
  331 00000052         end_of_copy_buffer_on_ro
  332 00000052         
  333 00000052         ; clear buffer on zi
  334 00000052                 IMPORT           |Image$$RAM_TEXT$$ZI$$Base|
  335 00000052                 IMPORT           |Image$$RAM_TEXT$$ZI$$Length|
  336 00000052 4811            LDR              R0, =|Image$$RAM_TEXT$$ZI$$Base
|
  337 00000054 4911            LDR              R1, =|Image$$RAM_TEXT$$ZI$$Leng
th|
  338 00000056 2900            CMP              R1, #0
  339 00000058 D004            BEQ              end_of_clear_buffer_on_zi
  340 0000005A         clear_buffer_on_zi
  341 0000005A 6002            STR              R2, [R0]
  342 0000005C 1D00            ADDS             R0, R0, #4
  343 0000005E 1F09            SUBS             R1, R1, #4
  344 00000060 D1FB            BNE              clear_buffer_on_zi
  345 00000062 BF00            NOP
  346 00000064         end_of_clear_buffer_on_zi
  347 00000064         
  348 00000064         
  349 00000064         
  350 00000064         
  351 00000064         



ARM Macro Assembler    Page 12 


  352 00000064         
  353 00000064         
  354 00000064                 IMPORT           system_init
  355 00000064                 IMPORT           main
  356 00000064 480E            LDR              R0, =system_init
  357 00000066 4780            BLX              R0
  358 00000068 480E            LDR              R0, =main
  359 0000006A 4700            BX               R0
  360 0000006C         
  361 0000006C                 ENDIF                        ; end of macro __US
                                                            E_C_LIBRARY_INIT
  362 0000006C         
  363 0000006C                 ENDP                         ; end of Reset_Hand
                                                            ler
  364 0000006C         
  365 0000006C         
  366 0000006C 00000000 
              00000000 
              00000000 
              00000000 
              00000000 
              00000000 
              00000000 
              00000000 
              00000000 
              00000000 
              00000000 
              00000000 
              00000000 
              00000000 
              00000000         AREA             |.text|, CODE, READONLY
  367 00000000         Default_Handler
                               PROC
  368 00000000                 EXPORT           Default_Handler           [WEAK
]
  369 00000000                 EXPORT           NMI_Handler               [WEAK
]
  370 00000000                 EXPORT           HardFault_Handler         [WEAK
]
  371 00000000                 EXPORT           MemManage_Handler         [WEAK
]
  372 00000000                 EXPORT           BusFault_Handler          [WEAK
]
  373 00000000                 EXPORT           UsageFault_Handler        [WEAK
]
  374 00000000                 EXPORT           SVC_Handler               [WEAK
]
  375 00000000                 EXPORT           DebugMon_Handler          [WEAK
]
  376 00000000                 EXPORT           PendSV_Handler            [WEAK
]
  377 00000000                 EXPORT           SysTick_Handler           [WEAK
]
  378 00000000                 EXPORT           System_Handler            [WEAK
]
  379 00000000                 EXPORT           WDT_Handler                    
  [WEAK]
  380 00000000                 EXPORT           BTMAC_Handler             [WEAK
]



ARM Macro Assembler    Page 13 


  381 00000000                 EXPORT           USB_IP_Handler                 
  [WEAK]
  382 00000000                 EXPORT           TIM2_Handler              [WEAK
]
  383 00000000                 EXPORT           Platform_Handler               
  [WEAK]
  384 00000000                 EXPORT           I2S0_TX_Handler              [W
EAK]
  385 00000000                 EXPORT           I2S0_RX_Handler              [W
EAK]
  386 00000000                 EXPORT           UART2_Handler                  
  [WEAK]
  387 00000000                 EXPORT           GPIOA0_Handler                 
  [WEAK]
  388 00000000                 EXPORT           GPIOA1_Handler                 
  [WEAK]
  389 00000000                 EXPORT           UART1_Handler                  
  [WEAK]
  390 00000000                 EXPORT           UART0_Handler                  
  [WEAK]
  391 00000000                 EXPORT           RTC_Handler               [WEAK
]
  392 00000000                 EXPORT           SPI0_Handler              [WEAK
]
  393 00000000                 EXPORT           SPI1_Handler              [WEAK
]
  394 00000000                 EXPORT           I2C0_Handler              [WEAK
]
  395 00000000                 EXPORT           I2C1_Handler              [WEAK
]
  396 00000000                 EXPORT           ADC_Handler               [WEAK
]
  397 00000000                 EXPORT           Peripheral_Handler        [WEAK
]
  398 00000000                 EXPORT           GDMA0_Channel0_Handler    [WEAK
]
  399 00000000                 EXPORT           GDMA0_Channel1_Handler    [WEAK
]
  400 00000000                 EXPORT           GDMA0_Channel2_Handler    [WEAK
]
  401 00000000                 EXPORT           GDMA0_Channel3_Handler    [WEAK
]
  402 00000000                 EXPORT           GDMA0_Channel4_Handler    [WEAK
]
  403 00000000                 EXPORT           GDMA0_Channel5_Handler    [WEAK
]
  404 00000000                 EXPORT           KeyScan_Handler           [WEAK
]
  405 00000000                 EXPORT           QDEC_Handler              [WEAK
]
  406 00000000                 EXPORT           IR_Handler                [WEAK
]
  407 00000000                 EXPORT           DSP_Handler               [WEAK
]
  408 00000000                 EXPORT           GDMA0_Channel6_Handler    [WEAK
]
  409 00000000                 EXPORT           GDMA0_Channel7_Handler    [WEAK
]
  410 00000000                 EXPORT           GDMA0_Channel8_Handler         



ARM Macro Assembler    Page 14 


  [WEAK]
  411 00000000                 EXPORT           GDMA0_Channel9_Handler         
  [WEAK]
  412 00000000                 EXPORT           GDMA0_Channel10_Handler        
  [WEAK]
  413 00000000                 EXPORT           GDMA0_Channel11_Handler        
  [WEAK]
  414 00000000                 EXPORT           GDMA0_Channel12_Handler        
  [WEAK]
  415 00000000                 EXPORT           GDMA0_Channel13_Handler        
  [WEAK]
  416 00000000                 EXPORT           GDMA0_Channel14_Handler        
  [WEAK]
  417 00000000                 EXPORT           GDMA0_Channel15_Handler        
  [WEAK]
  418 00000000                 EXPORT           TIM3_Handler              [WEAK
]
  419 00000000                 EXPORT           TIM4_Handler              [WEAK
]
  420 00000000                 EXPORT           TIM5_Handler              [WEAK
]
  421 00000000                 EXPORT           TIM6_Handler              [WEAK
]
  422 00000000                 EXPORT           TIM7_Handler              [WEAK
]
  423 00000000                 EXPORT           TIM8to11_Handler               
  [WEAK]
  424 00000000                 EXPORT           GPIO_A_9_Handler               
  [WEAK]
  425 00000000                 EXPORT           GPIO_A_16_Handler              
  [WEAK]
  426 00000000                 EXPORT           GPIO_A_2to7_Handler            
  [WEAK]
  427 00000000                 EXPORT           GPIO_A_8_10to15_Handler        
  [WEAK]
  428 00000000                 EXPORT           GPIO_A_17to23_Handler          
  [WEAK]
  429 00000000                 EXPORT           GPIO_A_24to31_Handler          
  [WEAK]
  430 00000000                 EXPORT           GPIO_B_0to7_Handler            
  [WEAK]
  431 00000000                 EXPORT           GPIO_B_8to15_Handler           
  [WEAK]
  432 00000000                 EXPORT           GPIO_B_16to23_Handler          
  [WEAK]
  433 00000000                 EXPORT           GPIO_B_24to31_Handler          
  [WEAK]
  434 00000000                 EXPORT           UART3_Handler                  
  [WEAK]
  435 00000000                 EXPORT           SPI2_Handler                   
  [WEAK]
  436 00000000                 EXPORT           I2C2_Handler                   
  [WEAK]
  437 00000000                 EXPORT           DSP_Event_1_Handler            
  [WEAK]
  438 00000000                 EXPORT           DSP_Event_2_Handler            
  [WEAK]
  439 00000000                 EXPORT           SHA256_Handler                 
  [WEAK]



ARM Macro Assembler    Page 15 


  440 00000000                 EXPORT           USB_ISOC_Handler               
  [WEAK]
  441 00000000                 EXPORT           BT_CLK_compare_Handler         
  [WEAK]
  442 00000000                 EXPORT           HW_RSA_Handler                 
  [WEAK]
  443 00000000                 EXPORT           PSRAM_Handler                  
  [WEAK]
  444 00000000                 EXPORT           Compare_clk_4_Handler          
  [WEAK]
  445 00000000                 EXPORT           Compare_clk_5_Handler          
  [WEAK]
  446 00000000                 EXPORT           dspdma_int_all_host_Handler    
       [WEAK]
  447 00000000                 EXPORT           NNA_Handler           [WEAK]
  448 00000000                 EXPORT           Compare_clk_9_Handler          
 [WEAK]
  449 00000000                 EXPORT           Compare_clk_10_Handler         
  [WEAK]
  450 00000000                 EXPORT           GPIO_C_0to7_Handler           [
WEAK]
  451 00000000                 EXPORT           GPIO_C_8to15_Handler           
[WEAK]
  452 00000000                 EXPORT           TIM8_Handler                   
  [WEAK]
  453 00000000                 EXPORT           TIM9_Handler                   
  [WEAK]
  454 00000000                 EXPORT           TIM10_Handler                  
  [WEAK]
  455 00000000                 EXPORT           TIM11_Handler                  
  [WEAK]
  456 00000000                 EXPORT           TIM12_Handler                  
  [WEAK]
  457 00000000                 EXPORT           TIM13_Handler                  
  [WEAK]
  458 00000000                 EXPORT           TIM14_Handler                  
  [WEAK]
  459 00000000                 EXPORT           TIM15_Handler                  
  [WEAK]
  460 00000000                 EXPORT           SPIC0_Handler                  
  [WEAK]
  461 00000000                 EXPORT           SPIC1_Handler                  
  [WEAK]
  462 00000000                 EXPORT           SPIC2_Handler                  
  [WEAK]
  463 00000000                 EXPORT           SPIC3_Handler                  
  [WEAK]
  464 00000000                 EXPORT           SDIO_HOST_Handler              
  [WEAK]
  465 00000000                 EXPORT           SPIC4_Handler                  
  [WEAK]
  466 00000000                 EXPORT           ERR_CORR_CODE_Handler          
  [WEAK]
  467 00000000                 EXPORT           SLAVE_PORT_MONITOR_Handler     
           [WEAK]
  468 00000000                 EXPORT           RESERVED0_Handler              
  [WEAK]
  469 00000000                 EXPORT           RESERVED1_Handler              
  [WEAK]



ARM Macro Assembler    Page 16 


  470 00000000                 EXPORT           RESERVED2_Handler              
  [WEAK]
  471 00000000                 EXPORT           RESERVED3_Handler              
  [WEAK]
  472 00000000                 EXPORT           RESERVED4_Handler              
  [WEAK]
  473 00000000                 EXPORT           RESERVED5_Handler              
  [WEAK]
  474 00000000                 EXPORT           RESERVED6_Handler              
  [WEAK]
  475 00000000                 EXPORT           SPDIF_Rx_Handler               
  [WEAK]
  476 00000000                 EXPORT           SPDIF_Tx_Handler               
  [WEAK]
  477 00000000                 EXPORT           MBIAS_MFG_DET_L_Handler        
  [WEAK]
  478 00000000                 EXPORT           SPI2W_Handler             [WEAK
]
  479 00000000                 EXPORT           LPCOMP_Handler            [WEAK
]
  480 00000000                 EXPORT           MBIAS_VBAT_DET_Handler         
  [WEAK]
  481 00000000                 EXPORT           MBIAS_ADP_DET_Handler          
  [WEAK]
  482 00000000                 EXPORT           HW_ASRC1_Handler               
  [WEAK]
  483 00000000                 EXPORT           HW_ASRC2_Handler               
  [WEAK]
  484 00000000                 EXPORT           VADBUF_Handler                 
  [WEAK]
  485 00000000                 EXPORT           PTA_Mailbox_Handler       [WEAK
]
  486 00000000                 EXPORT           DSP2MCU_Handler                
  [WEAK]
  487 00000000                 EXPORT           SPORT2_TX_Handler              
  [WEAK]
  488 00000000                 EXPORT           SPORT2_RX_Handler              
  [WEAK]
  489 00000000                 EXPORT           SPORT3_TX_Handler              
  [WEAK]
  490 00000000                 EXPORT           SPORT3_RX_Handler              
  [WEAK]
  491 00000000                 EXPORT           VAD_Handler                    
  [WEAK]
  492 00000000                 EXPORT           ANC_Handler                    
  [WEAK]
  493 00000000                 EXPORT           SPORT0_TX_Handler         [WEAK
]
  494 00000000                 EXPORT           SPORT0_RX_Handler         [WEAK
]
  495 00000000                 EXPORT           SPORT1_TX_Handler         [WEAK
]
  496 00000000                 EXPORT           SPORT1_RX_Handler         [WEAK
]
  497 00000000                 EXPORT           USB_UTMI_SUSPEND_N_Handler     
  [WEAK]
  498 00000000                 EXPORT           USB_DLPS_Resume_Handler        
  [WEAK]
  499 00000000                 EXPORT           TIM8to11_Handler               



ARM Macro Assembler    Page 17 


  [WEAK]
  500 00000000                 EXPORT           ADP_IN_DET_Handler        [WEAK
]
  501 00000000                 EXPORT           ADP_OUT_DET_Handler       [WEAK
]
  502 00000000                 EXPORT           GPIOA2_Handler                 
  [WEAK]
  503 00000000                 EXPORT           GPIOA3_Handler                 
  [WEAK]
  504 00000000                 EXPORT           GPIOA4_Handler                 
  [WEAK]
  505 00000000                 EXPORT           GPIOA5_Handler                 
  [WEAK]
  506 00000000                 EXPORT           GPIOA6_Handler                 
  [WEAK]
  507 00000000                 EXPORT           GPIOA7_Handler                 
  [WEAK]
  508 00000000                 EXPORT           GPIOA8_Handler                 
  [WEAK]
  509 00000000                 EXPORT           GPIOA9_Handler                 
  [WEAK]
  510 00000000                 EXPORT           GPIOA10_Handler                
  [WEAK]
  511 00000000                 EXPORT           GPIOA11_Handler                
  [WEAK]
  512 00000000                 EXPORT           GPIOA12_Handler                
  [WEAK]
  513 00000000                 EXPORT           GPIOA13_Handler                
  [WEAK]
  514 00000000                 EXPORT           GPIOA14_Handler                
  [WEAK]
  515 00000000                 EXPORT           GPIOA15_Handler                
  [WEAK]
  516 00000000                 EXPORT           GPIOA16_Handler                
  [WEAK]
  517 00000000                 EXPORT           GPIOA17_Handler                
  [WEAK]
  518 00000000                 EXPORT           GPIOA18_Handler                
  [WEAK]
  519 00000000                 EXPORT           GPIOA19_Handler                
  [WEAK]
  520 00000000                 EXPORT           GPIOA20_Handler                
  [WEAK]
  521 00000000                 EXPORT           GPIOA21_Handler                
  [WEAK]
  522 00000000                 EXPORT           GPIOA22_Handler                
  [WEAK]
  523 00000000                 EXPORT           GPIOA23_Handler                
  [WEAK]
  524 00000000                 EXPORT           GPIOA24_Handler                
  [WEAK]
  525 00000000                 EXPORT           GPIOA25_Handler                
  [WEAK]
  526 00000000                 EXPORT           GPIOA26_Handler                
  [WEAK]
  527 00000000                 EXPORT           GPIOA27_Handler                
  [WEAK]
  528 00000000                 EXPORT           GPIOA28_Handler                
  [WEAK]



ARM Macro Assembler    Page 18 


  529 00000000                 EXPORT           GPIOA29_Handler                
  [WEAK]
  530 00000000                 EXPORT           GPIOA30_Handler                
  [WEAK]
  531 00000000                 EXPORT           GPIOA31_Handler                
  [WEAK]
  532 00000000                 EXPORT           GPIOB0_Handler                 
  [WEAK]
  533 00000000                 EXPORT           GPIOB1_Handler                 
  [WEAK]
  534 00000000                 EXPORT           GPIOB2_Handler                 
  [WEAK]
  535 00000000                 EXPORT           GPIOB3_Handler                 
  [WEAK]
  536 00000000                 EXPORT           GPIOB4_Handler                 
  [WEAK]
  537 00000000                 EXPORT           GPIOB5_Handler                 
  [WEAK]
  538 00000000                 EXPORT           GPIOB6_Handler                 
  [WEAK]
  539 00000000                 EXPORT           GPIOB7_Handler                 
  [WEAK]
  540 00000000                 EXPORT           GPIOB8_Handler                 
  [WEAK]
  541 00000000                 EXPORT           GPIOB9_Handler                 
  [WEAK]
  542 00000000                 EXPORT           GPIOB10_Handler                
  [WEAK]
  543 00000000                 EXPORT           GPIOB11_Handler                
  [WEAK]
  544 00000000                 EXPORT           GPIOB12_Handler                
  [WEAK]
  545 00000000                 EXPORT           GPIOB13_Handler                
  [WEAK]
  546 00000000                 EXPORT           GPIOB14_Handler                
  [WEAK]
  547 00000000                 EXPORT           GPIOB15_Handler                
  [WEAK]
  548 00000000                 EXPORT           GPIOB16_Handler                
  [WEAK]
  549 00000000                 EXPORT           GPIOB17_Handler                
  [WEAK]
  550 00000000                 EXPORT           GPIOB18_Handler                
  [WEAK]
  551 00000000                 EXPORT           GPIOB19_Handler                
  [WEAK]
  552 00000000                 EXPORT           GPIOB20_Handler                
  [WEAK]
  553 00000000                 EXPORT           GPIOB21_Handler                
  [WEAK]
  554 00000000                 EXPORT           GPIOB22_Handler                
  [WEAK]
  555 00000000                 EXPORT           GPIOB23_Handler                
  [WEAK]
  556 00000000                 EXPORT           GPIOB24_Handler                
  [WEAK]
  557 00000000                 EXPORT           GPIOB25_Handler                
  [WEAK]
  558 00000000                 EXPORT           GPIOB26_Handler                



ARM Macro Assembler    Page 19 


  [WEAK]
  559 00000000                 EXPORT           GPIOB27_Handler                
  [WEAK]
  560 00000000                 EXPORT           GPIOB28_Handler                
  [WEAK]
  561 00000000                 EXPORT           GPIOB29_Handler                
  [WEAK]
  562 00000000                 EXPORT           GPIOB30_Handler                
  [WEAK]
  563 00000000                 EXPORT           GPIOB31_Handler                
  [WEAK]
  564 00000000                 EXPORT           GPIOC0_Handler                 
  [WEAK]
  565 00000000                 EXPORT           GPIOC1_Handler                 
  [WEAK]
  566 00000000                 EXPORT           GPIOC2_Handler                 
  [WEAK]
  567 00000000                 EXPORT           GPIOC3_Handler                 
  [WEAK]
  568 00000000                 EXPORT           GPIOC4_Handler                 
  [WEAK]
  569 00000000                 EXPORT           GPIOC5_Handler                 
  [WEAK]
  570 00000000                 EXPORT           GPIOC6_Handler                 
  [WEAK]
  571 00000000                 EXPORT           GPIOC7_Handler                 
  [WEAK]
  572 00000000                 EXPORT           GPIOC8_Handler                 
  [WEAK]
  573 00000000                 EXPORT           GPIOC9_Handler                 
  [WEAK]
  574 00000000                 EXPORT           GPIOC10_Handler                
  [WEAK]
  575 00000000                 EXPORT           GPIOC11_Handler                
  [WEAK]
  576 00000000                 EXPORT           GPIOC12_Handler                
  [WEAK]
  577 00000000                 EXPORT           GPIOC13_Handler                
  [WEAK]
  578 00000000                 EXPORT           GPIOC14_Handler                
  [WEAK]
  579 00000000                 EXPORT           GPIOC15_Handler                
  [WEAK]
  580 00000000         NMI_Handler
  581 00000000         HardFault_Handler
  582 00000000         MemManage_Handler
  583 00000000         BusFault_Handler
  584 00000000         UsageFault_Handler
  585 00000000         SVC_Handler
  586 00000000         DebugMon_Handler
  587 00000000         PendSV_Handler
  588 00000000         SysTick_Handler
  589 00000000         System_Handler
  590 00000000         WDT_Handler
  591 00000000         BTMAC_Handler
  592 00000000         USB_IP_Handler
  593 00000000         TIM2_Handler
  594 00000000         Platform_Handler
  595 00000000         I2S0_TX_Handler



ARM Macro Assembler    Page 20 


  596 00000000         I2S0_RX_Handler
  597 00000000         UART2_Handler
  598 00000000         GPIOA0_Handler
  599 00000000         GPIOA1_Handler
  600 00000000         UART1_Handler
  601 00000000         UART0_Handler
  602 00000000         RTC_Handler
  603 00000000         SPI0_Handler
  604 00000000         SPI1_Handler
  605 00000000         I2C0_Handler
  606 00000000         I2C1_Handler
  607 00000000         ADC_Handler
  608 00000000         Peripheral_Handler
  609 00000000         GDMA0_Channel0_Handler
  610 00000000         GDMA0_Channel1_Handler
  611 00000000         GDMA0_Channel2_Handler
  612 00000000         GDMA0_Channel3_Handler
  613 00000000         GDMA0_Channel4_Handler
  614 00000000         GDMA0_Channel5_Handler
  615 00000000         KeyScan_Handler
  616 00000000         QDEC_Handler
  617 00000000         IR_Handler
  618 00000000         DSP_Handler
  619 00000000         GDMA0_Channel6_Handler
  620 00000000         GDMA0_Channel7_Handler
  621 00000000         GDMA0_Channel8_Handler
  622 00000000         GDMA0_Channel9_Handler
  623 00000000         GDMA0_Channel10_Handler
  624 00000000         GDMA0_Channel11_Handler
  625 00000000         GDMA0_Channel12_Handler
  626 00000000         GDMA0_Channel13_Handler
  627 00000000         GDMA0_Channel14_Handler
  628 00000000         GDMA0_Channel15_Handler
  629 00000000         TIM3_Handler
  630 00000000         TIM4_Handler
  631 00000000         TIM5_Handler
  632 00000000         TIM6_Handler
  633 00000000         TIM7_Handler
  634 00000000         TIM8to11_Handler
  635 00000000         GPIO_A_9_Handler
  636 00000000         GPIO_A_16_Handler
  637 00000000         GPIO_A_2to7_Handler
  638 00000000         GPIO_A_8_10to15_Handler
  639 00000000         GPIO_A_17to23_Handler
  640 00000000         GPIO_A_24to31_Handler
  641 00000000         GPIO_B_0to7_Handler
  642 00000000         GPIO_B_8to15_Handler
  643 00000000         GPIO_B_16to23_Handler
  644 00000000         GPIO_B_24to31_Handler
  645 00000000         UART3_Handler
  646 00000000         SPI2_Handler
  647 00000000         I2C2_Handler
  648 00000000         DSP_Event_1_Handler
  649 00000000         DSP_Event_2_Handler
  650 00000000         SHA256_Handler
  651 00000000         USB_ISOC_Handler
  652 00000000         BT_CLK_compare_Handler
  653 00000000         HW_RSA_Handler
  654 00000000         PSRAM_Handler



ARM Macro Assembler    Page 21 


  655 00000000         Compare_clk_4_Handler
  656 00000000         Compare_clk_5_Handler
  657 00000000         dspdma_int_all_host_Handler
  658 00000000         NNA_Handler
  659 00000000         Compare_clk_9_Handler
  660 00000000         Compare_clk_10_Handler
  661 00000000         GPIO_C_0to7_Handler
  662 00000000         GPIO_C_8to15_Handler
  663 00000000         TIM8_Handler
  664 00000000         TIM9_Handler
  665 00000000         TIM10_Handler
  666 00000000         TIM11_Handler
  667 00000000         TIM12_Handler
  668 00000000         TIM13_Handler
  669 00000000         TIM14_Handler
  670 00000000         TIM15_Handler
  671 00000000         SPIC0_Handler
  672 00000000         SPIC1_Handler
  673 00000000         SPIC2_Handler
  674 00000000         SPIC3_Handler
  675 00000000         SDIO_HOST_Handler
  676 00000000         SPIC4_Handler
  677 00000000         ERR_CORR_CODE_Handler
  678 00000000         SLAVE_PORT_MONITOR_Handler
  679 00000000         RESERVED0_Handler
  680 00000000         RESERVED1_Handler
  681 00000000         RESERVED2_Handler
  682 00000000         RESERVED3_Handler
  683 00000000         RESERVED4_Handler
  684 00000000         RESERVED5_Handler
  685 00000000         RESERVED6_Handler
  686 00000000         SPDIF_Rx_Handler
  687 00000000         SPDIF_Tx_Handler
  688 00000000         MBIAS_MFG_DET_L_Handler
  689 00000000         SPI2W_Handler
  690 00000000         LPCOMP_Handler
  691 00000000         MBIAS_VBAT_DET_Handler
  692 00000000         MBIAS_ADP_DET_Handler
  693 00000000         HW_ASRC1_Handler
  694 00000000         HW_ASRC2_Handler
  695 00000000         VADBUF_Handler
  696 00000000         PTA_Mailbox_Handler
  697 00000000         DSP2MCU_Handler
  698 00000000         SPORT2_TX_Handler
  699 00000000         SPORT2_RX_Handler
  700 00000000         SPORT3_TX_Handler
  701 00000000         SPORT3_RX_Handler
  702 00000000         VAD_Handler
  703 00000000         ANC_Handler
  704 00000000         SPORT0_TX_Handler
  705 00000000         SPORT0_RX_Handler
  706 00000000         SPORT1_TX_Handler
  707 00000000         SPORT1_RX_Handler
  708 00000000         USB_UTMI_SUSPEND_N_Handler
  709 00000000         USB_DLPS_Resume_Handler
  710 00000000         RESERVED7_Handler
  711 00000000         ADP_IN_DET_Handler
  712 00000000         ADP_OUT_DET_Handler
  713 00000000         GPIOA2_Handler



ARM Macro Assembler    Page 22 


  714 00000000         GPIOA3_Handler
  715 00000000         GPIOA4_Handler
  716 00000000         GPIOA5_Handler
  717 00000000         GPIOA6_Handler
  718 00000000         GPIOA7_Handler
  719 00000000         GPIOA8_Handler
  720 00000000         GPIOA9_Handler
  721 00000000         GPIOA10_Handler
  722 00000000         GPIOA11_Handler
  723 00000000         GPIOA12_Handler
  724 00000000         GPIOA13_Handler
  725 00000000         GPIOA14_Handler
  726 00000000         GPIOA15_Handler
  727 00000000         GPIOA16_Handler
  728 00000000         GPIOA17_Handler
  729 00000000         GPIOA18_Handler
  730 00000000         GPIOA19_Handler
  731 00000000         GPIOA20_Handler
  732 00000000         GPIOA21_Handler
  733 00000000         GPIOA22_Handler
  734 00000000         GPIOA23_Handler
  735 00000000         GPIOA24_Handler
  736 00000000         GPIOA25_Handler
  737 00000000         GPIOA26_Handler
  738 00000000         GPIOA27_Handler
  739 00000000         GPIOA28_Handler
  740 00000000         GPIOA29_Handler
  741 00000000         GPIOA30_Handler
  742 00000000         GPIOA31_Handler
  743 00000000         GPIOB0_Handler
  744 00000000         GPIOB1_Handler
  745 00000000         GPIOB2_Handler
  746 00000000         GPIOB3_Handler
  747 00000000         GPIOB4_Handler
  748 00000000         GPIOB5_Handler
  749 00000000         GPIOB6_Handler
  750 00000000         GPIOB7_Handler
  751 00000000         GPIOB8_Handler
  752 00000000         GPIOB9_Handler
  753 00000000         GPIOB10_Handler
  754 00000000         GPIOB11_Handler
  755 00000000         GPIOB12_Handler
  756 00000000         GPIOB13_Handler
  757 00000000         GPIOB14_Handler
  758 00000000         GPIOB15_Handler
  759 00000000         GPIOB16_Handler
  760 00000000         GPIOB17_Handler
  761 00000000         GPIOB18_Handler
  762 00000000         GPIOB19_Handler
  763 00000000         GPIOB20_Handler
  764 00000000         GPIOB21_Handler
  765 00000000         GPIOB22_Handler
  766 00000000         GPIOB23_Handler
  767 00000000         GPIOB24_Handler
  768 00000000         GPIOB25_Handler
  769 00000000         GPIOB26_Handler
  770 00000000         GPIOB27_Handler
  771 00000000         GPIOB28_Handler
  772 00000000         GPIOB29_Handler



ARM Macro Assembler    Page 23 


  773 00000000         GPIOB30_Handler
  774 00000000         GPIOB31_Handler
  775 00000000         GPIOC0_Handler
  776 00000000         GPIOC1_Handler
  777 00000000         GPIOC2_Handler
  778 00000000         GPIOC3_Handler
  779 00000000         GPIOC4_Handler
  780 00000000         GPIOC5_Handler
  781 00000000         GPIOC6_Handler
  782 00000000         GPIOC7_Handler
  783 00000000         GPIOC8_Handler
  784 00000000         GPIOC9_Handler
  785 00000000         GPIOC10_Handler
  786 00000000         GPIOC11_Handler
  787 00000000         GPIOC12_Handler
  788 00000000         GPIOC13_Handler
  789 00000000         GPIOC14_Handler
  790 00000000         GPIOC15_Handler
  791 00000000                 IMPORT           log_direct
  792 00000000 F04F 5000       LDR              R0, =0x20000000
  793 00000004 4910            LDR              R1, =DEFAULT_HANDLER_TXT
  794 00000006 F3EF 8205       MRS              R2, IPSR
  795 0000000A 4B10            LDR              R3, =log_direct
  796 0000000C 4798            BLX              R3
  797 0000000E E7FE            B                .
  798 00000010         
  799 00000010                 ENDP
  800 00000010         
  801 00000010         
  802 00000010         ; User Initial Stack
  803 00000010                 EXPORT           __user_setup_stackheap
  804 00000010         __user_setup_stackheap
                               PROC
  805 00000010 4770            BX               LR
  806 00000012                 ENDP
  807 00000012         
  808 00000012         DEFAULT_HANDLER_TXT
  809 00000012 45 72 72 
              6F 72 21 
              20 50 6C 
              65 61 73 
              65 20 69 
              6D 70 6C 
              65 6D 65 
              6E 74 20 
              79 6F 75 
              72 20 49 
              53 52 20 
              48 61 6E 
              64 6C 65 
              72 20 66 
              6F 72 20 
              49 52 51 
              20 25 64 
              21 0A 00         DCB              "Error! Please implement your I
SR Handler for IRQ %d!\n", 0 
                                                            ; Null terminated s
                                                            tring
  810 00000048                 ALIGN



ARM Macro Assembler    Page 24 


  811 00000048         
  812 00000048                 END
              00000000 
              00000000 
Command Line: --16 --debug --xref --cpreproc --diag_suppress=9931 --cpu=Cortex-
M4.fp.sp --apcs=interwork --depend=.\objects\startup_rtl87x3d.d -o.\objects\sta
rtup_rtl87x3d.o -I..\..\..\..\inc\platform -I..\..\ble_broadcaster -I.\ -I..\in
c\rtl87x3d -I..\inc\rtl87x3d -IDevice\ARM\ARMCM4\Include --predefine="__UVISION
_VERSION SETA 536" --list=.\listings\startup_rtl87x3d.lst ..\..\..\..\src\mcu\r
tl87x3\arm\startup_rtl87x3d.s



ARM Macro Assembler    Page 1 Alphabetic symbol ordering
Relocatable symbols

VECTOR 00000000

Symbol: VECTOR
   Definitions
      At line 13 in file ..\\..\\..\\..\\src\\mcu\\rtl87x3\\arm\\startup_rtl87x
3d.s
   Uses
      None
Comment: VECTOR unused
__Vectors 00000000

Symbol: __Vectors
   Definitions
      At line 18 in file ..\\..\\..\\..\\src\\mcu\\rtl87x3\\arm\\startup_rtl87x
3d.s
   Uses
      At line 14 in file ..\\..\\..\\..\\src\\mcu\\rtl87x3\\arm\\startup_rtl87x
3d.s
      At line 243 in file ..\\..\\..\\..\\src\\mcu\\rtl87x3\\arm\\startup_rtl87
x3d.s

__Vectors_End 00000370

Symbol: __Vectors_End
   Definitions
      At line 241 in file ..\\..\\..\\..\\src\\mcu\\rtl87x3\\arm\\startup_rtl87
x3d.s
   Uses
      At line 15 in file ..\\..\\..\\..\\src\\mcu\\rtl87x3\\arm\\startup_rtl87x
3d.s
      At line 243 in file ..\\..\\..\\..\\src\\mcu\\rtl87x3\\arm\\startup_rtl87
x3d.s

3 symbols



ARM Macro Assembler    Page 1 Alphabetic symbol ordering
Relocatable symbols

RESET 00000000

Symbol: RESET
   Definitions
      At line 245 in file ..\\..\\..\\..\\src\\mcu\\rtl87x3\\arm\\startup_rtl87
x3d.s
   Uses
      None
Comment: RESET unused
Reset_Handler 00000000

Symbol: Reset_Handler
   Definitions
      At line 248 in file ..\\..\\..\\..\\src\\mcu\\rtl87x3\\arm\\startup_rtl87
x3d.s
   Uses
      At line 19 in file ..\\..\\..\\..\\src\\mcu\\rtl87x3\\arm\\startup_rtl87x
3d.s
      At line 249 in file ..\\..\\..\\..\\src\\mcu\\rtl87x3\\arm\\startup_rtl87
x3d.s

clear_buffer_on_zi 0000005A

Symbol: clear_buffer_on_zi
   Definitions
      At line 340 in file ..\\..\\..\\..\\src\\mcu\\rtl87x3\\arm\\startup_rtl87
x3d.s
   Uses
      At line 344 in file ..\\..\\..\\..\\src\\mcu\\rtl87x3\\arm\\startup_rtl87
x3d.s
Comment: clear_buffer_on_zi used once
clear_data_on_zi 0000001E

Symbol: clear_data_on_zi
   Definitions
      At line 290 in file ..\\..\\..\\..\\src\\mcu\\rtl87x3\\arm\\startup_rtl87
x3d.s
   Uses
      At line 294 in file ..\\..\\..\\..\\src\\mcu\\rtl87x3\\arm\\startup_rtl87
x3d.s
Comment: clear_data_on_zi used once
copy_buffer_on_ro 00000046

Symbol: copy_buffer_on_ro
   Definitions
      At line 324 in file ..\\..\\..\\..\\src\\mcu\\rtl87x3\\arm\\startup_rtl87
x3d.s
   Uses
      At line 330 in file ..\\..\\..\\..\\src\\mcu\\rtl87x3\\arm\\startup_rtl87
x3d.s
Comment: copy_buffer_on_ro used once
copy_buffer_on_rw 00000030

Symbol: copy_buffer_on_rw
   Definitions
      At line 306 in file ..\\..\\..\\..\\src\\mcu\\rtl87x3\\arm\\startup_rtl87
x3d.s
   Uses
      At line 312 in file ..\\..\\..\\..\\src\\mcu\\rtl87x3\\arm\\startup_rtl87



ARM Macro Assembler    Page 2 Alphabetic symbol ordering
Relocatable symbols

x3d.s
Comment: copy_buffer_on_rw used once
copy_data_on_rw 0000000A

Symbol: copy_data_on_rw
   Definitions
      At line 274 in file ..\\..\\..\\..\\src\\mcu\\rtl87x3\\arm\\startup_rtl87
x3d.s
   Uses
      At line 280 in file ..\\..\\..\\..\\src\\mcu\\rtl87x3\\arm\\startup_rtl87
x3d.s
Comment: copy_data_on_rw used once
end_of_clear_buffer_on_zi 00000064

Symbol: end_of_clear_buffer_on_zi
   Definitions
      At line 346 in file ..\\..\\..\\..\\src\\mcu\\rtl87x3\\arm\\startup_rtl87
x3d.s
   Uses
      At line 339 in file ..\\..\\..\\..\\src\\mcu\\rtl87x3\\arm\\startup_rtl87
x3d.s
Comment: end_of_clear_buffer_on_zi used once
end_of_clear_data_on_zi 00000026

Symbol: end_of_clear_data_on_zi
   Definitions
      At line 295 in file ..\\..\\..\\..\\src\\mcu\\rtl87x3\\arm\\startup_rtl87
x3d.s
   Uses
      At line 289 in file ..\\..\\..\\..\\src\\mcu\\rtl87x3\\arm\\startup_rtl87
x3d.s
Comment: end_of_clear_data_on_zi used once
end_of_copy_buffer_on_ro 00000052

Symbol: end_of_copy_buffer_on_ro
   Definitions
      At line 331 in file ..\\..\\..\\..\\src\\mcu\\rtl87x3\\arm\\startup_rtl87
x3d.s
   Uses
      At line 323 in file ..\\..\\..\\..\\src\\mcu\\rtl87x3\\arm\\startup_rtl87
x3d.s
Comment: end_of_copy_buffer_on_ro used once
end_of_copy_buffer_on_rw 0000003C

Symbol: end_of_copy_buffer_on_rw
   Definitions
      At line 313 in file ..\\..\\..\\..\\src\\mcu\\rtl87x3\\arm\\startup_rtl87
x3d.s
   Uses
      At line 305 in file ..\\..\\..\\..\\src\\mcu\\rtl87x3\\arm\\startup_rtl87
x3d.s
Comment: end_of_copy_buffer_on_rw used once
end_of_copy_data_on_rw 00000016

Symbol: end_of_copy_data_on_rw
   Definitions
      At line 281 in file ..\\..\\..\\..\\src\\mcu\\rtl87x3\\arm\\startup_rtl87
x3d.s
   Uses



ARM Macro Assembler    Page 3 Alphabetic symbol ordering
Relocatable symbols

      At line 273 in file ..\\..\\..\\..\\src\\mcu\\rtl87x3\\arm\\startup_rtl87
x3d.s
Comment: end_of_copy_data_on_rw used once
12 symbols



ARM Macro Assembler    Page 1 Alphabetic symbol ordering
Relocatable symbols

.text 00000000

Symbol: .text
   Definitions
      At line 366 in file ..\\..\\..\\..\\src\\mcu\\rtl87x3\\arm\\startup_rtl87
x3d.s
   Uses
      None
Comment: .text unused
ADC_Handler 00000000

Symbol: ADC_Handler
   Definitions
      At line 607 in file ..\\..\\..\\..\\src\\mcu\\rtl87x3\\arm\\startup_rtl87
x3d.s
   Uses
      At line 54 in file ..\\..\\..\\..\\src\\mcu\\rtl87x3\\arm\\startup_rtl87x
3d.s
      At line 396 in file ..\\..\\..\\..\\src\\mcu\\rtl87x3\\arm\\startup_rtl87
x3d.s

ADP_IN_DET_Handler 00000000

Symbol: ADP_IN_DET_Handler
   Definitions
      At line 711 in file ..\\..\\..\\..\\src\\mcu\\rtl87x3\\arm\\startup_rtl87
x3d.s
   Uses
      At line 161 in file ..\\..\\..\\..\\src\\mcu\\rtl87x3\\arm\\startup_rtl87
x3d.s
      At line 500 in file ..\\..\\..\\..\\src\\mcu\\rtl87x3\\arm\\startup_rtl87
x3d.s

ADP_OUT_DET_Handler 00000000

Symbol: ADP_OUT_DET_Handler
   Definitions
      At line 712 in file ..\\..\\..\\..\\src\\mcu\\rtl87x3\\arm\\startup_rtl87
x3d.s
   Uses
      At line 162 in file ..\\..\\..\\..\\src\\mcu\\rtl87x3\\arm\\startup_rtl87
x3d.s
      At line 501 in file ..\\..\\..\\..\\src\\mcu\\rtl87x3\\arm\\startup_rtl87
x3d.s

ANC_Handler 00000000

Symbol: ANC_Handler
   Definitions
      At line 703 in file ..\\..\\..\\..\\src\\mcu\\rtl87x3\\arm\\startup_rtl87
x3d.s
   Uses
      At line 153 in file ..\\..\\..\\..\\src\\mcu\\rtl87x3\\arm\\startup_rtl87
x3d.s
      At line 492 in file ..\\..\\..\\..\\src\\mcu\\rtl87x3\\arm\\startup_rtl87
x3d.s

BTMAC_Handler 00000000




ARM Macro Assembler    Page 2 Alphabetic symbol ordering
Relocatable symbols

Symbol: BTMAC_Handler
   Definitions
      At line 591 in file ..\\..\\..\\..\\src\\mcu\\rtl87x3\\arm\\startup_rtl87
x3d.s
   Uses
      At line 38 in file ..\\..\\..\\..\\src\\mcu\\rtl87x3\\arm\\startup_rtl87x
3d.s
      At line 380 in file ..\\..\\..\\..\\src\\mcu\\rtl87x3\\arm\\startup_rtl87
x3d.s

BT_CLK_compare_Handler 00000000

Symbol: BT_CLK_compare_Handler
   Definitions
      At line 652 in file ..\\..\\..\\..\\src\\mcu\\rtl87x3\\arm\\startup_rtl87
x3d.s
   Uses
      At line 99 in file ..\\..\\..\\..\\src\\mcu\\rtl87x3\\arm\\startup_rtl87x
3d.s
      At line 441 in file ..\\..\\..\\..\\src\\mcu\\rtl87x3\\arm\\startup_rtl87
x3d.s

BusFault_Handler 00000000

Symbol: BusFault_Handler
   Definitions
      At line 583 in file ..\\..\\..\\..\\src\\mcu\\rtl87x3\\arm\\startup_rtl87
x3d.s
   Uses
      At line 23 in file ..\\..\\..\\..\\src\\mcu\\rtl87x3\\arm\\startup_rtl87x
3d.s
      At line 372 in file ..\\..\\..\\..\\src\\mcu\\rtl87x3\\arm\\startup_rtl87
x3d.s

Compare_clk_10_Handler 00000000

Symbol: Compare_clk_10_Handler
   Definitions
      At line 660 in file ..\\..\\..\\..\\src\\mcu\\rtl87x3\\arm\\startup_rtl87
x3d.s
   Uses
      At line 107 in file ..\\..\\..\\..\\src\\mcu\\rtl87x3\\arm\\startup_rtl87
x3d.s
      At line 449 in file ..\\..\\..\\..\\src\\mcu\\rtl87x3\\arm\\startup_rtl87
x3d.s

Compare_clk_4_Handler 00000000

Symbol: Compare_clk_4_Handler
   Definitions
      At line 655 in file ..\\..\\..\\..\\src\\mcu\\rtl87x3\\arm\\startup_rtl87
x3d.s
   Uses
      At line 102 in file ..\\..\\..\\..\\src\\mcu\\rtl87x3\\arm\\startup_rtl87
x3d.s
      At line 444 in file ..\\..\\..\\..\\src\\mcu\\rtl87x3\\arm\\startup_rtl87
x3d.s

Compare_clk_5_Handler 00000000



ARM Macro Assembler    Page 3 Alphabetic symbol ordering
Relocatable symbols


Symbol: Compare_clk_5_Handler
   Definitions
      At line 656 in file ..\\..\\..\\..\\src\\mcu\\rtl87x3\\arm\\startup_rtl87
x3d.s
   Uses
      At line 103 in file ..\\..\\..\\..\\src\\mcu\\rtl87x3\\arm\\startup_rtl87
x3d.s
      At line 445 in file ..\\..\\..\\..\\src\\mcu\\rtl87x3\\arm\\startup_rtl87
x3d.s

Compare_clk_9_Handler 00000000

Symbol: Compare_clk_9_Handler
   Definitions
      At line 659 in file ..\\..\\..\\..\\src\\mcu\\rtl87x3\\arm\\startup_rtl87
x3d.s
   Uses
      At line 106 in file ..\\..\\..\\..\\src\\mcu\\rtl87x3\\arm\\startup_rtl87
x3d.s
      At line 448 in file ..\\..\\..\\..\\src\\mcu\\rtl87x3\\arm\\startup_rtl87
x3d.s

DEFAULT_HANDLER_TXT 00000012

Symbol: DEFAULT_HANDLER_TXT
   Definitions
      At line 808 in file ..\\..\\..\\..\\src\\mcu\\rtl87x3\\arm\\startup_rtl87
x3d.s
   Uses
      At line 793 in file ..\\..\\..\\..\\src\\mcu\\rtl87x3\\arm\\startup_rtl87
x3d.s
Comment: DEFAULT_HANDLER_TXT used once
DSP2MCU_Handler 00000000

Symbol: DSP2MCU_Handler
   Definitions
      At line 697 in file ..\\..\\..\\..\\src\\mcu\\rtl87x3\\arm\\startup_rtl87
x3d.s
   Uses
      At line 147 in file ..\\..\\..\\..\\src\\mcu\\rtl87x3\\arm\\startup_rtl87
x3d.s
      At line 486 in file ..\\..\\..\\..\\src\\mcu\\rtl87x3\\arm\\startup_rtl87
x3d.s

DSP_Event_1_Handler 00000000

Symbol: DSP_Event_1_Handler
   Definitions
      At line 648 in file ..\\..\\..\\..\\src\\mcu\\rtl87x3\\arm\\startup_rtl87
x3d.s
   Uses
      At line 95 in file ..\\..\\..\\..\\src\\mcu\\rtl87x3\\arm\\startup_rtl87x
3d.s
      At line 437 in file ..\\..\\..\\..\\src\\mcu\\rtl87x3\\arm\\startup_rtl87
x3d.s

DSP_Event_2_Handler 00000000




ARM Macro Assembler    Page 4 Alphabetic symbol ordering
Relocatable symbols

Symbol: DSP_Event_2_Handler
   Definitions
      At line 649 in file ..\\..\\..\\..\\src\\mcu\\rtl87x3\\arm\\startup_rtl87
x3d.s
   Uses
      At line 96 in file ..\\..\\..\\..\\src\\mcu\\rtl87x3\\arm\\startup_rtl87x
3d.s
      At line 438 in file ..\\..\\..\\..\\src\\mcu\\rtl87x3\\arm\\startup_rtl87
x3d.s

DSP_Handler 00000000

Symbol: DSP_Handler
   Definitions
      At line 618 in file ..\\..\\..\\..\\src\\mcu\\rtl87x3\\arm\\startup_rtl87
x3d.s
   Uses
      At line 65 in file ..\\..\\..\\..\\src\\mcu\\rtl87x3\\arm\\startup_rtl87x
3d.s
      At line 407 in file ..\\..\\..\\..\\src\\mcu\\rtl87x3\\arm\\startup_rtl87
x3d.s

DebugMon_Handler 00000000

Symbol: DebugMon_Handler
   Definitions
      At line 586 in file ..\\..\\..\\..\\src\\mcu\\rtl87x3\\arm\\startup_rtl87
x3d.s
   Uses
      At line 30 in file ..\\..\\..\\..\\src\\mcu\\rtl87x3\\arm\\startup_rtl87x
3d.s
      At line 375 in file ..\\..\\..\\..\\src\\mcu\\rtl87x3\\arm\\startup_rtl87
x3d.s

Default_Handler 00000000

Symbol: Default_Handler
   Definitions
      At line 367 in file ..\\..\\..\\..\\src\\mcu\\rtl87x3\\arm\\startup_rtl87
x3d.s
   Uses
      At line 368 in file ..\\..\\..\\..\\src\\mcu\\rtl87x3\\arm\\startup_rtl87
x3d.s
Comment: Default_Handler used once
ERR_CORR_CODE_Handler 00000000

Symbol: ERR_CORR_CODE_Handler
   Definitions
      At line 677 in file ..\\..\\..\\..\\src\\mcu\\rtl87x3\\arm\\startup_rtl87
x3d.s
   Uses
      At line 126 in file ..\\..\\..\\..\\src\\mcu\\rtl87x3\\arm\\startup_rtl87
x3d.s
      At line 466 in file ..\\..\\..\\..\\src\\mcu\\rtl87x3\\arm\\startup_rtl87
x3d.s

GDMA0_Channel0_Handler 00000000

Symbol: GDMA0_Channel0_Handler



ARM Macro Assembler    Page 5 Alphabetic symbol ordering
Relocatable symbols

   Definitions
      At line 609 in file ..\\..\\..\\..\\src\\mcu\\rtl87x3\\arm\\startup_rtl87
x3d.s
   Uses
      At line 56 in file ..\\..\\..\\..\\src\\mcu\\rtl87x3\\arm\\startup_rtl87x
3d.s
      At line 398 in file ..\\..\\..\\..\\src\\mcu\\rtl87x3\\arm\\startup_rtl87
x3d.s

GDMA0_Channel10_Handler 00000000

Symbol: GDMA0_Channel10_Handler
   Definitions
      At line 623 in file ..\\..\\..\\..\\src\\mcu\\rtl87x3\\arm\\startup_rtl87
x3d.s
   Uses
      At line 70 in file ..\\..\\..\\..\\src\\mcu\\rtl87x3\\arm\\startup_rtl87x
3d.s
      At line 412 in file ..\\..\\..\\..\\src\\mcu\\rtl87x3\\arm\\startup_rtl87
x3d.s

GDMA0_Channel11_Handler 00000000

Symbol: GDMA0_Channel11_Handler
   Definitions
      At line 624 in file ..\\..\\..\\..\\src\\mcu\\rtl87x3\\arm\\startup_rtl87
x3d.s
   Uses
      At line 71 in file ..\\..\\..\\..\\src\\mcu\\rtl87x3\\arm\\startup_rtl87x
3d.s
      At line 413 in file ..\\..\\..\\..\\src\\mcu\\rtl87x3\\arm\\startup_rtl87
x3d.s

GDMA0_Channel12_Handler 00000000

Symbol: GDMA0_Channel12_Handler
   Definitions
      At line 625 in file ..\\..\\..\\..\\src\\mcu\\rtl87x3\\arm\\startup_rtl87
x3d.s
   Uses
      At line 72 in file ..\\..\\..\\..\\src\\mcu\\rtl87x3\\arm\\startup_rtl87x
3d.s
      At line 414 in file ..\\..\\..\\..\\src\\mcu\\rtl87x3\\arm\\startup_rtl87
x3d.s

GDMA0_Channel13_Handler 00000000

Symbol: GDMA0_Channel13_Handler
   Definitions
      At line 626 in file ..\\..\\..\\..\\src\\mcu\\rtl87x3\\arm\\startup_rtl87
x3d.s
   Uses
      At line 73 in file ..\\..\\..\\..\\src\\mcu\\rtl87x3\\arm\\startup_rtl87x
3d.s
      At line 415 in file ..\\..\\..\\..\\src\\mcu\\rtl87x3\\arm\\startup_rtl87
x3d.s

GDMA0_Channel14_Handler 00000000




ARM Macro Assembler    Page 6 Alphabetic symbol ordering
Relocatable symbols

Symbol: GDMA0_Channel14_Handler
   Definitions
      At line 627 in file ..\\..\\..\\..\\src\\mcu\\rtl87x3\\arm\\startup_rtl87
x3d.s
   Uses
      At line 74 in file ..\\..\\..\\..\\src\\mcu\\rtl87x3\\arm\\startup_rtl87x
3d.s
      At line 416 in file ..\\..\\..\\..\\src\\mcu\\rtl87x3\\arm\\startup_rtl87
x3d.s

GDMA0_Channel15_Handler 00000000

Symbol: GDMA0_Channel15_Handler
   Definitions
      At line 628 in file ..\\..\\..\\..\\src\\mcu\\rtl87x3\\arm\\startup_rtl87
x3d.s
   Uses
      At line 75 in file ..\\..\\..\\..\\src\\mcu\\rtl87x3\\arm\\startup_rtl87x
3d.s
      At line 417 in file ..\\..\\..\\..\\src\\mcu\\rtl87x3\\arm\\startup_rtl87
x3d.s

GDMA0_Channel1_Handler 00000000

Symbol: GDMA0_Channel1_Handler
   Definitions
      At line 610 in file ..\\..\\..\\..\\src\\mcu\\rtl87x3\\arm\\startup_rtl87
x3d.s
   Uses
      At line 57 in file ..\\..\\..\\..\\src\\mcu\\rtl87x3\\arm\\startup_rtl87x
3d.s
      At line 399 in file ..\\..\\..\\..\\src\\mcu\\rtl87x3\\arm\\startup_rtl87
x3d.s

GDMA0_Channel2_Handler 00000000

Symbol: GDMA0_Channel2_Handler
   Definitions
      At line 611 in file ..\\..\\..\\..\\src\\mcu\\rtl87x3\\arm\\startup_rtl87
x3d.s
   Uses
      At line 58 in file ..\\..\\..\\..\\src\\mcu\\rtl87x3\\arm\\startup_rtl87x
3d.s
      At line 400 in file ..\\..\\..\\..\\src\\mcu\\rtl87x3\\arm\\startup_rtl87
x3d.s

GDMA0_Channel3_Handler 00000000

Symbol: GDMA0_Channel3_Handler
   Definitions
      At line 612 in file ..\\..\\..\\..\\src\\mcu\\rtl87x3\\arm\\startup_rtl87
x3d.s
   Uses
      At line 59 in file ..\\..\\..\\..\\src\\mcu\\rtl87x3\\arm\\startup_rtl87x
3d.s
      At line 401 in file ..\\..\\..\\..\\src\\mcu\\rtl87x3\\arm\\startup_rtl87
x3d.s

GDMA0_Channel4_Handler 00000000



ARM Macro Assembler    Page 7 Alphabetic symbol ordering
Relocatable symbols


Symbol: GDMA0_Channel4_Handler
   Definitions
      At line 613 in file ..\\..\\..\\..\\src\\mcu\\rtl87x3\\arm\\startup_rtl87
x3d.s
   Uses
      At line 60 in file ..\\..\\..\\..\\src\\mcu\\rtl87x3\\arm\\startup_rtl87x
3d.s
      At line 402 in file ..\\..\\..\\..\\src\\mcu\\rtl87x3\\arm\\startup_rtl87
x3d.s

GDMA0_Channel5_Handler 00000000

Symbol: GDMA0_Channel5_Handler
   Definitions
      At line 614 in file ..\\..\\..\\..\\src\\mcu\\rtl87x3\\arm\\startup_rtl87
x3d.s
   Uses
      At line 61 in file ..\\..\\..\\..\\src\\mcu\\rtl87x3\\arm\\startup_rtl87x
3d.s
      At line 403 in file ..\\..\\..\\..\\src\\mcu\\rtl87x3\\arm\\startup_rtl87
x3d.s

GDMA0_Channel6_Handler 00000000

Symbol: GDMA0_Channel6_Handler
   Definitions
      At line 619 in file ..\\..\\..\\..\\src\\mcu\\rtl87x3\\arm\\startup_rtl87
x3d.s
   Uses
      At line 66 in file ..\\..\\..\\..\\src\\mcu\\rtl87x3\\arm\\startup_rtl87x
3d.s
      At line 408 in file ..\\..\\..\\..\\src\\mcu\\rtl87x3\\arm\\startup_rtl87
x3d.s

GDMA0_Channel7_Handler 00000000

Symbol: GDMA0_Channel7_Handler
   Definitions
      At line 620 in file ..\\..\\..\\..\\src\\mcu\\rtl87x3\\arm\\startup_rtl87
x3d.s
   Uses
      At line 67 in file ..\\..\\..\\..\\src\\mcu\\rtl87x3\\arm\\startup_rtl87x
3d.s
      At line 409 in file ..\\..\\..\\..\\src\\mcu\\rtl87x3\\arm\\startup_rtl87
x3d.s

GDMA0_Channel8_Handler 00000000

Symbol: GDMA0_Channel8_Handler
   Definitions
      At line 621 in file ..\\..\\..\\..\\src\\mcu\\rtl87x3\\arm\\startup_rtl87
x3d.s
   Uses
      At line 68 in file ..\\..\\..\\..\\src\\mcu\\rtl87x3\\arm\\startup_rtl87x
3d.s
      At line 410 in file ..\\..\\..\\..\\src\\mcu\\rtl87x3\\arm\\startup_rtl87
x3d.s




ARM Macro Assembler    Page 8 Alphabetic symbol ordering
Relocatable symbols

GDMA0_Channel9_Handler 00000000

Symbol: GDMA0_Channel9_Handler
   Definitions
      At line 622 in file ..\\..\\..\\..\\src\\mcu\\rtl87x3\\arm\\startup_rtl87
x3d.s
   Uses
      At line 69 in file ..\\..\\..\\..\\src\\mcu\\rtl87x3\\arm\\startup_rtl87x
3d.s
      At line 411 in file ..\\..\\..\\..\\src\\mcu\\rtl87x3\\arm\\startup_rtl87
x3d.s

GPIOA0_Handler 00000000

Symbol: GPIOA0_Handler
   Definitions
      At line 598 in file ..\\..\\..\\..\\src\\mcu\\rtl87x3\\arm\\startup_rtl87
x3d.s
   Uses
      At line 45 in file ..\\..\\..\\..\\src\\mcu\\rtl87x3\\arm\\startup_rtl87x
3d.s
      At line 387 in file ..\\..\\..\\..\\src\\mcu\\rtl87x3\\arm\\startup_rtl87
x3d.s

GPIOA10_Handler 00000000

Symbol: GPIOA10_Handler
   Definitions
      At line 721 in file ..\\..\\..\\..\\src\\mcu\\rtl87x3\\arm\\startup_rtl87
x3d.s
   Uses
      At line 171 in file ..\\..\\..\\..\\src\\mcu\\rtl87x3\\arm\\startup_rtl87
x3d.s
      At line 510 in file ..\\..\\..\\..\\src\\mcu\\rtl87x3\\arm\\startup_rtl87
x3d.s

GPIOA11_Handler 00000000

Symbol: GPIOA11_Handler
   Definitions
      At line 722 in file ..\\..\\..\\..\\src\\mcu\\rtl87x3\\arm\\startup_rtl87
x3d.s
   Uses
      At line 172 in file ..\\..\\..\\..\\src\\mcu\\rtl87x3\\arm\\startup_rtl87
x3d.s
      At line 511 in file ..\\..\\..\\..\\src\\mcu\\rtl87x3\\arm\\startup_rtl87
x3d.s

GPIOA12_Handler 00000000

Symbol: GPIOA12_Handler
   Definitions
      At line 723 in file ..\\..\\..\\..\\src\\mcu\\rtl87x3\\arm\\startup_rtl87
x3d.s
   Uses
      At line 173 in file ..\\..\\..\\..\\src\\mcu\\rtl87x3\\arm\\startup_rtl87
x3d.s
      At line 512 in file ..\\..\\..\\..\\src\\mcu\\rtl87x3\\arm\\startup_rtl87
x3d.s



ARM Macro Assembler    Page 9 Alphabetic symbol ordering
Relocatable symbols


GPIOA13_Handler 00000000

Symbol: GPIOA13_Handler
   Definitions
      At line 724 in file ..\\..\\..\\..\\src\\mcu\\rtl87x3\\arm\\startup_rtl87
x3d.s
   Uses
      At line 174 in file ..\\..\\..\\..\\src\\mcu\\rtl87x3\\arm\\startup_rtl87
x3d.s
      At line 513 in file ..\\..\\..\\..\\src\\mcu\\rtl87x3\\arm\\startup_rtl87
x3d.s

GPIOA14_Handler 00000000

Symbol: GPIOA14_Handler
   Definitions
      At line 725 in file ..\\..\\..\\..\\src\\mcu\\rtl87x3\\arm\\startup_rtl87
x3d.s
   Uses
      At line 175 in file ..\\..\\..\\..\\src\\mcu\\rtl87x3\\arm\\startup_rtl87
x3d.s
      At line 514 in file ..\\..\\..\\..\\src\\mcu\\rtl87x3\\arm\\startup_rtl87
x3d.s

GPIOA15_Handler 00000000

Symbol: GPIOA15_Handler
   Definitions
      At line 726 in file ..\\..\\..\\..\\src\\mcu\\rtl87x3\\arm\\startup_rtl87
x3d.s
   Uses
      At line 176 in file ..\\..\\..\\..\\src\\mcu\\rtl87x3\\arm\\startup_rtl87
x3d.s
      At line 515 in file ..\\..\\..\\..\\src\\mcu\\rtl87x3\\arm\\startup_rtl87
x3d.s

GPIOA16_Handler 00000000

Symbol: GPIOA16_Handler
   Definitions
      At line 727 in file ..\\..\\..\\..\\src\\mcu\\rtl87x3\\arm\\startup_rtl87
x3d.s
   Uses
      At line 177 in file ..\\..\\..\\..\\src\\mcu\\rtl87x3\\arm\\startup_rtl87
x3d.s
      At line 516 in file ..\\..\\..\\..\\src\\mcu\\rtl87x3\\arm\\startup_rtl87
x3d.s

GPIOA17_Handler 00000000

Symbol: GPIOA17_Handler
   Definitions
      At line 728 in file ..\\..\\..\\..\\src\\mcu\\rtl87x3\\arm\\startup_rtl87
x3d.s
   Uses
      At line 178 in file ..\\..\\..\\..\\src\\mcu\\rtl87x3\\arm\\startup_rtl87
x3d.s
      At line 517 in file ..\\..\\..\\..\\src\\mcu\\rtl87x3\\arm\\startup_rtl87



ARM Macro Assembler    Page 10 Alphabetic symbol ordering
Relocatable symbols

x3d.s

GPIOA18_Handler 00000000

Symbol: GPIOA18_Handler
   Definitions
      At line 729 in file ..\\..\\..\\..\\src\\mcu\\rtl87x3\\arm\\startup_rtl87
x3d.s
   Uses
      At line 179 in file ..\\..\\..\\..\\src\\mcu\\rtl87x3\\arm\\startup_rtl87
x3d.s
      At line 518 in file ..\\..\\..\\..\\src\\mcu\\rtl87x3\\arm\\startup_rtl87
x3d.s

GPIOA19_Handler 00000000

Symbol: GPIOA19_Handler
   Definitions
      At line 730 in file ..\\..\\..\\..\\src\\mcu\\rtl87x3\\arm\\startup_rtl87
x3d.s
   Uses
      At line 180 in file ..\\..\\..\\..\\src\\mcu\\rtl87x3\\arm\\startup_rtl87
x3d.s
      At line 519 in file ..\\..\\..\\..\\src\\mcu\\rtl87x3\\arm\\startup_rtl87
x3d.s

GPIOA1_Handler 00000000

Symbol: GPIOA1_Handler
   Definitions
      At line 599 in file ..\\..\\..\\..\\src\\mcu\\rtl87x3\\arm\\startup_rtl87
x3d.s
   Uses
      At line 46 in file ..\\..\\..\\..\\src\\mcu\\rtl87x3\\arm\\startup_rtl87x
3d.s
      At line 388 in file ..\\..\\..\\..\\src\\mcu\\rtl87x3\\arm\\startup_rtl87
x3d.s

GPIOA20_Handler 00000000

Symbol: GPIOA20_Handler
   Definitions
      At line 731 in file ..\\..\\..\\..\\src\\mcu\\rtl87x3\\arm\\startup_rtl87
x3d.s
   Uses
      At line 181 in file ..\\..\\..\\..\\src\\mcu\\rtl87x3\\arm\\startup_rtl87
x3d.s
      At line 520 in file ..\\..\\..\\..\\src\\mcu\\rtl87x3\\arm\\startup_rtl87
x3d.s

GPIOA21_Handler 00000000

Symbol: GPIOA21_Handler
   Definitions
      At line 732 in file ..\\..\\..\\..\\src\\mcu\\rtl87x3\\arm\\startup_rtl87
x3d.s
   Uses
      At line 182 in file ..\\..\\..\\..\\src\\mcu\\rtl87x3\\arm\\startup_rtl87
x3d.s



ARM Macro Assembler    Page 11 Alphabetic symbol ordering
Relocatable symbols

      At line 521 in file ..\\..\\..\\..\\src\\mcu\\rtl87x3\\arm\\startup_rtl87
x3d.s

GPIOA22_Handler 00000000

Symbol: GPIOA22_Handler
   Definitions
      At line 733 in file ..\\..\\..\\..\\src\\mcu\\rtl87x3\\arm\\startup_rtl87
x3d.s
   Uses
      At line 183 in file ..\\..\\..\\..\\src\\mcu\\rtl87x3\\arm\\startup_rtl87
x3d.s
      At line 522 in file ..\\..\\..\\..\\src\\mcu\\rtl87x3\\arm\\startup_rtl87
x3d.s

GPIOA23_Handler 00000000

Symbol: GPIOA23_Handler
   Definitions
      At line 734 in file ..\\..\\..\\..\\src\\mcu\\rtl87x3\\arm\\startup_rtl87
x3d.s
   Uses
      At line 184 in file ..\\..\\..\\..\\src\\mcu\\rtl87x3\\arm\\startup_rtl87
x3d.s
      At line 523 in file ..\\..\\..\\..\\src\\mcu\\rtl87x3\\arm\\startup_rtl87
x3d.s

GPIOA24_Handler 00000000

Symbol: GPIOA24_Handler
   Definitions
      At line 735 in file ..\\..\\..\\..\\src\\mcu\\rtl87x3\\arm\\startup_rtl87
x3d.s
   Uses
      At line 185 in file ..\\..\\..\\..\\src\\mcu\\rtl87x3\\arm\\startup_rtl87
x3d.s
      At line 524 in file ..\\..\\..\\..\\src\\mcu\\rtl87x3\\arm\\startup_rtl87
x3d.s

GPIOA25_Handler 00000000

Symbol: GPIOA25_Handler
   Definitions
      At line 736 in file ..\\..\\..\\..\\src\\mcu\\rtl87x3\\arm\\startup_rtl87
x3d.s
   Uses
      At line 186 in file ..\\..\\..\\..\\src\\mcu\\rtl87x3\\arm\\startup_rtl87
x3d.s
      At line 525 in file ..\\..\\..\\..\\src\\mcu\\rtl87x3\\arm\\startup_rtl87
x3d.s

GPIOA26_Handler 00000000

Symbol: GPIOA26_Handler
   Definitions
      At line 737 in file ..\\..\\..\\..\\src\\mcu\\rtl87x3\\arm\\startup_rtl87
x3d.s
   Uses
      At line 187 in file ..\\..\\..\\..\\src\\mcu\\rtl87x3\\arm\\startup_rtl87



ARM Macro Assembler    Page 12 Alphabetic symbol ordering
Relocatable symbols

x3d.s
      At line 526 in file ..\\..\\..\\..\\src\\mcu\\rtl87x3\\arm\\startup_rtl87
x3d.s

GPIOA27_Handler 00000000

Symbol: GPIOA27_Handler
   Definitions
      At line 738 in file ..\\..\\..\\..\\src\\mcu\\rtl87x3\\arm\\startup_rtl87
x3d.s
   Uses
      At line 188 in file ..\\..\\..\\..\\src\\mcu\\rtl87x3\\arm\\startup_rtl87
x3d.s
      At line 527 in file ..\\..\\..\\..\\src\\mcu\\rtl87x3\\arm\\startup_rtl87
x3d.s

GPIOA28_Handler 00000000

Symbol: GPIOA28_Handler
   Definitions
      At line 739 in file ..\\..\\..\\..\\src\\mcu\\rtl87x3\\arm\\startup_rtl87
x3d.s
   Uses
      At line 189 in file ..\\..\\..\\..\\src\\mcu\\rtl87x3\\arm\\startup_rtl87
x3d.s
      At line 528 in file ..\\..\\..\\..\\src\\mcu\\rtl87x3\\arm\\startup_rtl87
x3d.s

GPIOA29_Handler 00000000

Symbol: GPIOA29_Handler
   Definitions
      At line 740 in file ..\\..\\..\\..\\src\\mcu\\rtl87x3\\arm\\startup_rtl87
x3d.s
   Uses
      At line 190 in file ..\\..\\..\\..\\src\\mcu\\rtl87x3\\arm\\startup_rtl87
x3d.s
      At line 529 in file ..\\..\\..\\..\\src\\mcu\\rtl87x3\\arm\\startup_rtl87
x3d.s

GPIOA2_Handler 00000000

Symbol: GPIOA2_Handler
   Definitions
      At line 713 in file ..\\..\\..\\..\\src\\mcu\\rtl87x3\\arm\\startup_rtl87
x3d.s
   Uses
      At line 163 in file ..\\..\\..\\..\\src\\mcu\\rtl87x3\\arm\\startup_rtl87
x3d.s
      At line 502 in file ..\\..\\..\\..\\src\\mcu\\rtl87x3\\arm\\startup_rtl87
x3d.s

GPIOA30_Handler 00000000

Symbol: GPIOA30_Handler
   Definitions
      At line 741 in file ..\\..\\..\\..\\src\\mcu\\rtl87x3\\arm\\startup_rtl87
x3d.s
   Uses



ARM Macro Assembler    Page 13 Alphabetic symbol ordering
Relocatable symbols

      At line 191 in file ..\\..\\..\\..\\src\\mcu\\rtl87x3\\arm\\startup_rtl87
x3d.s
      At line 530 in file ..\\..\\..\\..\\src\\mcu\\rtl87x3\\arm\\startup_rtl87
x3d.s

GPIOA31_Handler 00000000

Symbol: GPIOA31_Handler
   Definitions
      At line 742 in file ..\\..\\..\\..\\src\\mcu\\rtl87x3\\arm\\startup_rtl87
x3d.s
   Uses
      At line 192 in file ..\\..\\..\\..\\src\\mcu\\rtl87x3\\arm\\startup_rtl87
x3d.s
      At line 531 in file ..\\..\\..\\..\\src\\mcu\\rtl87x3\\arm\\startup_rtl87
x3d.s

GPIOA3_Handler 00000000

Symbol: GPIOA3_Handler
   Definitions
      At line 714 in file ..\\..\\..\\..\\src\\mcu\\rtl87x3\\arm\\startup_rtl87
x3d.s
   Uses
      At line 164 in file ..\\..\\..\\..\\src\\mcu\\rtl87x3\\arm\\startup_rtl87
x3d.s
      At line 503 in file ..\\..\\..\\..\\src\\mcu\\rtl87x3\\arm\\startup_rtl87
x3d.s

GPIOA4_Handler 00000000

Symbol: GPIOA4_Handler
   Definitions
      At line 715 in file ..\\..\\..\\..\\src\\mcu\\rtl87x3\\arm\\startup_rtl87
x3d.s
   Uses
      At line 165 in file ..\\..\\..\\..\\src\\mcu\\rtl87x3\\arm\\startup_rtl87
x3d.s
      At line 504 in file ..\\..\\..\\..\\src\\mcu\\rtl87x3\\arm\\startup_rtl87
x3d.s

GPIOA5_Handler 00000000

Symbol: GPIOA5_Handler
   Definitions
      At line 716 in file ..\\..\\..\\..\\src\\mcu\\rtl87x3\\arm\\startup_rtl87
x3d.s
   Uses
      At line 166 in file ..\\..\\..\\..\\src\\mcu\\rtl87x3\\arm\\startup_rtl87
x3d.s
      At line 505 in file ..\\..\\..\\..\\src\\mcu\\rtl87x3\\arm\\startup_rtl87
x3d.s

GPIOA6_Handler 00000000

Symbol: GPIOA6_Handler
   Definitions
      At line 717 in file ..\\..\\..\\..\\src\\mcu\\rtl87x3\\arm\\startup_rtl87
x3d.s



ARM Macro Assembler    Page 14 Alphabetic symbol ordering
Relocatable symbols

   Uses
      At line 167 in file ..\\..\\..\\..\\src\\mcu\\rtl87x3\\arm\\startup_rtl87
x3d.s
      At line 506 in file ..\\..\\..\\..\\src\\mcu\\rtl87x3\\arm\\startup_rtl87
x3d.s

GPIOA7_Handler 00000000

Symbol: GPIOA7_Handler
   Definitions
      At line 718 in file ..\\..\\..\\..\\src\\mcu\\rtl87x3\\arm\\startup_rtl87
x3d.s
   Uses
      At line 168 in file ..\\..\\..\\..\\src\\mcu\\rtl87x3\\arm\\startup_rtl87
x3d.s
      At line 507 in file ..\\..\\..\\..\\src\\mcu\\rtl87x3\\arm\\startup_rtl87
x3d.s

GPIOA8_Handler 00000000

Symbol: GPIOA8_Handler
   Definitions
      At line 719 in file ..\\..\\..\\..\\src\\mcu\\rtl87x3\\arm\\startup_rtl87
x3d.s
   Uses
      At line 169 in file ..\\..\\..\\..\\src\\mcu\\rtl87x3\\arm\\startup_rtl87
x3d.s
      At line 508 in file ..\\..\\..\\..\\src\\mcu\\rtl87x3\\arm\\startup_rtl87
x3d.s

GPIOA9_Handler 00000000

Symbol: GPIOA9_Handler
   Definitions
      At line 720 in file ..\\..\\..\\..\\src\\mcu\\rtl87x3\\arm\\startup_rtl87
x3d.s
   Uses
      At line 170 in file ..\\..\\..\\..\\src\\mcu\\rtl87x3\\arm\\startup_rtl87
x3d.s
      At line 509 in file ..\\..\\..\\..\\src\\mcu\\rtl87x3\\arm\\startup_rtl87
x3d.s

GPIOB0_Handler 00000000

Symbol: GPIOB0_Handler
   Definitions
      At line 743 in file ..\\..\\..\\..\\src\\mcu\\rtl87x3\\arm\\startup_rtl87
x3d.s
   Uses
      At line 193 in file ..\\..\\..\\..\\src\\mcu\\rtl87x3\\arm\\startup_rtl87
x3d.s
      At line 532 in file ..\\..\\..\\..\\src\\mcu\\rtl87x3\\arm\\startup_rtl87
x3d.s

GPIOB10_Handler 00000000

Symbol: GPIOB10_Handler
   Definitions
      At line 753 in file ..\\..\\..\\..\\src\\mcu\\rtl87x3\\arm\\startup_rtl87



ARM Macro Assembler    Page 15 Alphabetic symbol ordering
Relocatable symbols

x3d.s
   Uses
      At line 203 in file ..\\..\\..\\..\\src\\mcu\\rtl87x3\\arm\\startup_rtl87
x3d.s
      At line 542 in file ..\\..\\..\\..\\src\\mcu\\rtl87x3\\arm\\startup_rtl87
x3d.s

GPIOB11_Handler 00000000

Symbol: GPIOB11_Handler
   Definitions
      At line 754 in file ..\\..\\..\\..\\src\\mcu\\rtl87x3\\arm\\startup_rtl87
x3d.s
   Uses
      At line 204 in file ..\\..\\..\\..\\src\\mcu\\rtl87x3\\arm\\startup_rtl87
x3d.s
      At line 543 in file ..\\..\\..\\..\\src\\mcu\\rtl87x3\\arm\\startup_rtl87
x3d.s

GPIOB12_Handler 00000000

Symbol: GPIOB12_Handler
   Definitions
      At line 755 in file ..\\..\\..\\..\\src\\mcu\\rtl87x3\\arm\\startup_rtl87
x3d.s
   Uses
      At line 205 in file ..\\..\\..\\..\\src\\mcu\\rtl87x3\\arm\\startup_rtl87
x3d.s
      At line 544 in file ..\\..\\..\\..\\src\\mcu\\rtl87x3\\arm\\startup_rtl87
x3d.s

GPIOB13_Handler 00000000

Symbol: GPIOB13_Handler
   Definitions
      At line 756 in file ..\\..\\..\\..\\src\\mcu\\rtl87x3\\arm\\startup_rtl87
x3d.s
   Uses
      At line 206 in file ..\\..\\..\\..\\src\\mcu\\rtl87x3\\arm\\startup_rtl87
x3d.s
      At line 545 in file ..\\..\\..\\..\\src\\mcu\\rtl87x3\\arm\\startup_rtl87
x3d.s

GPIOB14_Handler 00000000

Symbol: GPIOB14_Handler
   Definitions
      At line 757 in file ..\\..\\..\\..\\src\\mcu\\rtl87x3\\arm\\startup_rtl87
x3d.s
   Uses
      At line 207 in file ..\\..\\..\\..\\src\\mcu\\rtl87x3\\arm\\startup_rtl87
x3d.s
      At line 546 in file ..\\..\\..\\..\\src\\mcu\\rtl87x3\\arm\\startup_rtl87
x3d.s

GPIOB15_Handler 00000000

Symbol: GPIOB15_Handler
   Definitions



ARM Macro Assembler    Page 16 Alphabetic symbol ordering
Relocatable symbols

      At line 758 in file ..\\..\\..\\..\\src\\mcu\\rtl87x3\\arm\\startup_rtl87
x3d.s
   Uses
      At line 208 in file ..\\..\\..\\..\\src\\mcu\\rtl87x3\\arm\\startup_rtl87
x3d.s
      At line 547 in file ..\\..\\..\\..\\src\\mcu\\rtl87x3\\arm\\startup_rtl87
x3d.s

GPIOB16_Handler 00000000

Symbol: GPIOB16_Handler
   Definitions
      At line 759 in file ..\\..\\..\\..\\src\\mcu\\rtl87x3\\arm\\startup_rtl87
x3d.s
   Uses
      At line 209 in file ..\\..\\..\\..\\src\\mcu\\rtl87x3\\arm\\startup_rtl87
x3d.s
      At line 548 in file ..\\..\\..\\..\\src\\mcu\\rtl87x3\\arm\\startup_rtl87
x3d.s

GPIOB17_Handler 00000000

Symbol: GPIOB17_Handler
   Definitions
      At line 760 in file ..\\..\\..\\..\\src\\mcu\\rtl87x3\\arm\\startup_rtl87
x3d.s
   Uses
      At line 210 in file ..\\..\\..\\..\\src\\mcu\\rtl87x3\\arm\\startup_rtl87
x3d.s
      At line 549 in file ..\\..\\..\\..\\src\\mcu\\rtl87x3\\arm\\startup_rtl87
x3d.s

GPIOB18_Handler 00000000

Symbol: GPIOB18_Handler
   Definitions
      At line 761 in file ..\\..\\..\\..\\src\\mcu\\rtl87x3\\arm\\startup_rtl87
x3d.s
   Uses
      At line 211 in file ..\\..\\..\\..\\src\\mcu\\rtl87x3\\arm\\startup_rtl87
x3d.s
      At line 550 in file ..\\..\\..\\..\\src\\mcu\\rtl87x3\\arm\\startup_rtl87
x3d.s

GPIOB19_Handler 00000000

Symbol: GPIOB19_Handler
   Definitions
      At line 762 in file ..\\..\\..\\..\\src\\mcu\\rtl87x3\\arm\\startup_rtl87
x3d.s
   Uses
      At line 212 in file ..\\..\\..\\..\\src\\mcu\\rtl87x3\\arm\\startup_rtl87
x3d.s
      At line 551 in file ..\\..\\..\\..\\src\\mcu\\rtl87x3\\arm\\startup_rtl87
x3d.s

GPIOB1_Handler 00000000

Symbol: GPIOB1_Handler



ARM Macro Assembler    Page 17 Alphabetic symbol ordering
Relocatable symbols

   Definitions
      At line 744 in file ..\\..\\..\\..\\src\\mcu\\rtl87x3\\arm\\startup_rtl87
x3d.s
   Uses
      At line 194 in file ..\\..\\..\\..\\src\\mcu\\rtl87x3\\arm\\startup_rtl87
x3d.s
      At line 533 in file ..\\..\\..\\..\\src\\mcu\\rtl87x3\\arm\\startup_rtl87
x3d.s

GPIOB20_Handler 00000000

Symbol: GPIOB20_Handler
   Definitions
      At line 763 in file ..\\..\\..\\..\\src\\mcu\\rtl87x3\\arm\\startup_rtl87
x3d.s
   Uses
      At line 213 in file ..\\..\\..\\..\\src\\mcu\\rtl87x3\\arm\\startup_rtl87
x3d.s
      At line 552 in file ..\\..\\..\\..\\src\\mcu\\rtl87x3\\arm\\startup_rtl87
x3d.s

GPIOB21_Handler 00000000

Symbol: GPIOB21_Handler
   Definitions
      At line 764 in file ..\\..\\..\\..\\src\\mcu\\rtl87x3\\arm\\startup_rtl87
x3d.s
   Uses
      At line 214 in file ..\\..\\..\\..\\src\\mcu\\rtl87x3\\arm\\startup_rtl87
x3d.s
      At line 553 in file ..\\..\\..\\..\\src\\mcu\\rtl87x3\\arm\\startup_rtl87
x3d.s

GPIOB22_Handler 00000000

Symbol: GPIOB22_Handler
   Definitions
      At line 765 in file ..\\..\\..\\..\\src\\mcu\\rtl87x3\\arm\\startup_rtl87
x3d.s
   Uses
      At line 215 in file ..\\..\\..\\..\\src\\mcu\\rtl87x3\\arm\\startup_rtl87
x3d.s
      At line 554 in file ..\\..\\..\\..\\src\\mcu\\rtl87x3\\arm\\startup_rtl87
x3d.s

GPIOB23_Handler 00000000

Symbol: GPIOB23_Handler
   Definitions
      At line 766 in file ..\\..\\..\\..\\src\\mcu\\rtl87x3\\arm\\startup_rtl87
x3d.s
   Uses
      At line 216 in file ..\\..\\..\\..\\src\\mcu\\rtl87x3\\arm\\startup_rtl87
x3d.s
      At line 555 in file ..\\..\\..\\..\\src\\mcu\\rtl87x3\\arm\\startup_rtl87
x3d.s

GPIOB24_Handler 00000000




ARM Macro Assembler    Page 18 Alphabetic symbol ordering
Relocatable symbols

Symbol: GPIOB24_Handler
   Definitions
      At line 767 in file ..\\..\\..\\..\\src\\mcu\\rtl87x3\\arm\\startup_rtl87
x3d.s
   Uses
      At line 217 in file ..\\..\\..\\..\\src\\mcu\\rtl87x3\\arm\\startup_rtl87
x3d.s
      At line 556 in file ..\\..\\..\\..\\src\\mcu\\rtl87x3\\arm\\startup_rtl87
x3d.s

GPIOB25_Handler 00000000

Symbol: GPIOB25_Handler
   Definitions
      At line 768 in file ..\\..\\..\\..\\src\\mcu\\rtl87x3\\arm\\startup_rtl87
x3d.s
   Uses
      At line 218 in file ..\\..\\..\\..\\src\\mcu\\rtl87x3\\arm\\startup_rtl87
x3d.s
      At line 557 in file ..\\..\\..\\..\\src\\mcu\\rtl87x3\\arm\\startup_rtl87
x3d.s

GPIOB26_Handler 00000000

Symbol: GPIOB26_Handler
   Definitions
      At line 769 in file ..\\..\\..\\..\\src\\mcu\\rtl87x3\\arm\\startup_rtl87
x3d.s
   Uses
      At line 219 in file ..\\..\\..\\..\\src\\mcu\\rtl87x3\\arm\\startup_rtl87
x3d.s
      At line 558 in file ..\\..\\..\\..\\src\\mcu\\rtl87x3\\arm\\startup_rtl87
x3d.s

GPIOB27_Handler 00000000

Symbol: GPIOB27_Handler
   Definitions
      At line 770 in file ..\\..\\..\\..\\src\\mcu\\rtl87x3\\arm\\startup_rtl87
x3d.s
   Uses
      At line 220 in file ..\\..\\..\\..\\src\\mcu\\rtl87x3\\arm\\startup_rtl87
x3d.s
      At line 559 in file ..\\..\\..\\..\\src\\mcu\\rtl87x3\\arm\\startup_rtl87
x3d.s

GPIOB28_Handler 00000000

Symbol: GPIOB28_Handler
   Definitions
      At line 771 in file ..\\..\\..\\..\\src\\mcu\\rtl87x3\\arm\\startup_rtl87
x3d.s
   Uses
      At line 221 in file ..\\..\\..\\..\\src\\mcu\\rtl87x3\\arm\\startup_rtl87
x3d.s
      At line 560 in file ..\\..\\..\\..\\src\\mcu\\rtl87x3\\arm\\startup_rtl87
x3d.s

GPIOB29_Handler 00000000



ARM Macro Assembler    Page 19 Alphabetic symbol ordering
Relocatable symbols


Symbol: GPIOB29_Handler
   Definitions
      At line 772 in file ..\\..\\..\\..\\src\\mcu\\rtl87x3\\arm\\startup_rtl87
x3d.s
   Uses
      At line 222 in file ..\\..\\..\\..\\src\\mcu\\rtl87x3\\arm\\startup_rtl87
x3d.s
      At line 561 in file ..\\..\\..\\..\\src\\mcu\\rtl87x3\\arm\\startup_rtl87
x3d.s

GPIOB2_Handler 00000000

Symbol: GPIOB2_Handler
   Definitions
      At line 745 in file ..\\..\\..\\..\\src\\mcu\\rtl87x3\\arm\\startup_rtl87
x3d.s
   Uses
      At line 195 in file ..\\..\\..\\..\\src\\mcu\\rtl87x3\\arm\\startup_rtl87
x3d.s
      At line 534 in file ..\\..\\..\\..\\src\\mcu\\rtl87x3\\arm\\startup_rtl87
x3d.s

GPIOB30_Handler 00000000

Symbol: GPIOB30_Handler
   Definitions
      At line 773 in file ..\\..\\..\\..\\src\\mcu\\rtl87x3\\arm\\startup_rtl87
x3d.s
   Uses
      At line 223 in file ..\\..\\..\\..\\src\\mcu\\rtl87x3\\arm\\startup_rtl87
x3d.s
      At line 562 in file ..\\..\\..\\..\\src\\mcu\\rtl87x3\\arm\\startup_rtl87
x3d.s

GPIOB31_Handler 00000000

Symbol: GPIOB31_Handler
   Definitions
      At line 774 in file ..\\..\\..\\..\\src\\mcu\\rtl87x3\\arm\\startup_rtl87
x3d.s
   Uses
      At line 224 in file ..\\..\\..\\..\\src\\mcu\\rtl87x3\\arm\\startup_rtl87
x3d.s
      At line 563 in file ..\\..\\..\\..\\src\\mcu\\rtl87x3\\arm\\startup_rtl87
x3d.s

GPIOB3_Handler 00000000

Symbol: GPIOB3_Handler
   Definitions
      At line 746 in file ..\\..\\..\\..\\src\\mcu\\rtl87x3\\arm\\startup_rtl87
x3d.s
   Uses
      At line 196 in file ..\\..\\..\\..\\src\\mcu\\rtl87x3\\arm\\startup_rtl87
x3d.s
      At line 535 in file ..\\..\\..\\..\\src\\mcu\\rtl87x3\\arm\\startup_rtl87
x3d.s




ARM Macro Assembler    Page 20 Alphabetic symbol ordering
Relocatable symbols

GPIOB4_Handler 00000000

Symbol: GPIOB4_Handler
   Definitions
      At line 747 in file ..\\..\\..\\..\\src\\mcu\\rtl87x3\\arm\\startup_rtl87
x3d.s
   Uses
      At line 197 in file ..\\..\\..\\..\\src\\mcu\\rtl87x3\\arm\\startup_rtl87
x3d.s
      At line 536 in file ..\\..\\..\\..\\src\\mcu\\rtl87x3\\arm\\startup_rtl87
x3d.s

GPIOB5_Handler 00000000

Symbol: GPIOB5_Handler
   Definitions
      At line 748 in file ..\\..\\..\\..\\src\\mcu\\rtl87x3\\arm\\startup_rtl87
x3d.s
   Uses
      At line 198 in file ..\\..\\..\\..\\src\\mcu\\rtl87x3\\arm\\startup_rtl87
x3d.s
      At line 537 in file ..\\..\\..\\..\\src\\mcu\\rtl87x3\\arm\\startup_rtl87
x3d.s

GPIOB6_Handler 00000000

Symbol: GPIOB6_Handler
   Definitions
      At line 749 in file ..\\..\\..\\..\\src\\mcu\\rtl87x3\\arm\\startup_rtl87
x3d.s
   Uses
      At line 199 in file ..\\..\\..\\..\\src\\mcu\\rtl87x3\\arm\\startup_rtl87
x3d.s
      At line 538 in file ..\\..\\..\\..\\src\\mcu\\rtl87x3\\arm\\startup_rtl87
x3d.s

GPIOB7_Handler 00000000

Symbol: GPIOB7_Handler
   Definitions
      At line 750 in file ..\\..\\..\\..\\src\\mcu\\rtl87x3\\arm\\startup_rtl87
x3d.s
   Uses
      At line 200 in file ..\\..\\..\\..\\src\\mcu\\rtl87x3\\arm\\startup_rtl87
x3d.s
      At line 539 in file ..\\..\\..\\..\\src\\mcu\\rtl87x3\\arm\\startup_rtl87
x3d.s

GPIOB8_Handler 00000000

Symbol: GPIOB8_Handler
   Definitions
      At line 751 in file ..\\..\\..\\..\\src\\mcu\\rtl87x3\\arm\\startup_rtl87
x3d.s
   Uses
      At line 201 in file ..\\..\\..\\..\\src\\mcu\\rtl87x3\\arm\\startup_rtl87
x3d.s
      At line 540 in file ..\\..\\..\\..\\src\\mcu\\rtl87x3\\arm\\startup_rtl87
x3d.s



ARM Macro Assembler    Page 21 Alphabetic symbol ordering
Relocatable symbols


GPIOB9_Handler 00000000

Symbol: GPIOB9_Handler
   Definitions
      At line 752 in file ..\\..\\..\\..\\src\\mcu\\rtl87x3\\arm\\startup_rtl87
x3d.s
   Uses
      At line 202 in file ..\\..\\..\\..\\src\\mcu\\rtl87x3\\arm\\startup_rtl87
x3d.s
      At line 541 in file ..\\..\\..\\..\\src\\mcu\\rtl87x3\\arm\\startup_rtl87
x3d.s

GPIOC0_Handler 00000000

Symbol: GPIOC0_Handler
   Definitions
      At line 775 in file ..\\..\\..\\..\\src\\mcu\\rtl87x3\\arm\\startup_rtl87
x3d.s
   Uses
      At line 225 in file ..\\..\\..\\..\\src\\mcu\\rtl87x3\\arm\\startup_rtl87
x3d.s
      At line 564 in file ..\\..\\..\\..\\src\\mcu\\rtl87x3\\arm\\startup_rtl87
x3d.s

GPIOC10_Handler 00000000

Symbol: GPIOC10_Handler
   Definitions
      At line 785 in file ..\\..\\..\\..\\src\\mcu\\rtl87x3\\arm\\startup_rtl87
x3d.s
   Uses
      At line 235 in file ..\\..\\..\\..\\src\\mcu\\rtl87x3\\arm\\startup_rtl87
x3d.s
      At line 574 in file ..\\..\\..\\..\\src\\mcu\\rtl87x3\\arm\\startup_rtl87
x3d.s

GPIOC11_Handler 00000000

Symbol: GPIOC11_Handler
   Definitions
      At line 786 in file ..\\..\\..\\..\\src\\mcu\\rtl87x3\\arm\\startup_rtl87
x3d.s
   Uses
      At line 236 in file ..\\..\\..\\..\\src\\mcu\\rtl87x3\\arm\\startup_rtl87
x3d.s
      At line 575 in file ..\\..\\..\\..\\src\\mcu\\rtl87x3\\arm\\startup_rtl87
x3d.s

GPIOC12_Handler 00000000

Symbol: GPIOC12_Handler
   Definitions
      At line 787 in file ..\\..\\..\\..\\src\\mcu\\rtl87x3\\arm\\startup_rtl87
x3d.s
   Uses
      At line 237 in file ..\\..\\..\\..\\src\\mcu\\rtl87x3\\arm\\startup_rtl87
x3d.s
      At line 576 in file ..\\..\\..\\..\\src\\mcu\\rtl87x3\\arm\\startup_rtl87



ARM Macro Assembler    Page 22 Alphabetic symbol ordering
Relocatable symbols

x3d.s

GPIOC13_Handler 00000000

Symbol: GPIOC13_Handler
   Definitions
      At line 788 in file ..\\..\\..\\..\\src\\mcu\\rtl87x3\\arm\\startup_rtl87
x3d.s
   Uses
      At line 238 in file ..\\..\\..\\..\\src\\mcu\\rtl87x3\\arm\\startup_rtl87
x3d.s
      At line 577 in file ..\\..\\..\\..\\src\\mcu\\rtl87x3\\arm\\startup_rtl87
x3d.s

GPIOC14_Handler 00000000

Symbol: GPIOC14_Handler
   Definitions
      At line 789 in file ..\\..\\..\\..\\src\\mcu\\rtl87x3\\arm\\startup_rtl87
x3d.s
   Uses
      At line 239 in file ..\\..\\..\\..\\src\\mcu\\rtl87x3\\arm\\startup_rtl87
x3d.s
      At line 578 in file ..\\..\\..\\..\\src\\mcu\\rtl87x3\\arm\\startup_rtl87
x3d.s

GPIOC15_Handler 00000000

Symbol: GPIOC15_Handler
   Definitions
      At line 790 in file ..\\..\\..\\..\\src\\mcu\\rtl87x3\\arm\\startup_rtl87
x3d.s
   Uses
      At line 240 in file ..\\..\\..\\..\\src\\mcu\\rtl87x3\\arm\\startup_rtl87
x3d.s
      At line 579 in file ..\\..\\..\\..\\src\\mcu\\rtl87x3\\arm\\startup_rtl87
x3d.s

GPIOC1_Handler 00000000

Symbol: GPIOC1_Handler
   Definitions
      At line 776 in file ..\\..\\..\\..\\src\\mcu\\rtl87x3\\arm\\startup_rtl87
x3d.s
   Uses
      At line 226 in file ..\\..\\..\\..\\src\\mcu\\rtl87x3\\arm\\startup_rtl87
x3d.s
      At line 565 in file ..\\..\\..\\..\\src\\mcu\\rtl87x3\\arm\\startup_rtl87
x3d.s

GPIOC2_Handler 00000000

Symbol: GPIOC2_Handler
   Definitions
      At line 777 in file ..\\..\\..\\..\\src\\mcu\\rtl87x3\\arm\\startup_rtl87
x3d.s
   Uses
      At line 227 in file ..\\..\\..\\..\\src\\mcu\\rtl87x3\\arm\\startup_rtl87
x3d.s



ARM Macro Assembler    Page 23 Alphabetic symbol ordering
Relocatable symbols

      At line 566 in file ..\\..\\..\\..\\src\\mcu\\rtl87x3\\arm\\startup_rtl87
x3d.s

GPIOC3_Handler 00000000

Symbol: GPIOC3_Handler
   Definitions
      At line 778 in file ..\\..\\..\\..\\src\\mcu\\rtl87x3\\arm\\startup_rtl87
x3d.s
   Uses
      At line 228 in file ..\\..\\..\\..\\src\\mcu\\rtl87x3\\arm\\startup_rtl87
x3d.s
      At line 567 in file ..\\..\\..\\..\\src\\mcu\\rtl87x3\\arm\\startup_rtl87
x3d.s

GPIOC4_Handler 00000000

Symbol: GPIOC4_Handler
   Definitions
      At line 779 in file ..\\..\\..\\..\\src\\mcu\\rtl87x3\\arm\\startup_rtl87
x3d.s
   Uses
      At line 229 in file ..\\..\\..\\..\\src\\mcu\\rtl87x3\\arm\\startup_rtl87
x3d.s
      At line 568 in file ..\\..\\..\\..\\src\\mcu\\rtl87x3\\arm\\startup_rtl87
x3d.s

GPIOC5_Handler 00000000

Symbol: GPIOC5_Handler
   Definitions
      At line 780 in file ..\\..\\..\\..\\src\\mcu\\rtl87x3\\arm\\startup_rtl87
x3d.s
   Uses
      At line 230 in file ..\\..\\..\\..\\src\\mcu\\rtl87x3\\arm\\startup_rtl87
x3d.s
      At line 569 in file ..\\..\\..\\..\\src\\mcu\\rtl87x3\\arm\\startup_rtl87
x3d.s

GPIOC6_Handler 00000000

Symbol: GPIOC6_Handler
   Definitions
      At line 781 in file ..\\..\\..\\..\\src\\mcu\\rtl87x3\\arm\\startup_rtl87
x3d.s
   Uses
      At line 231 in file ..\\..\\..\\..\\src\\mcu\\rtl87x3\\arm\\startup_rtl87
x3d.s
      At line 570 in file ..\\..\\..\\..\\src\\mcu\\rtl87x3\\arm\\startup_rtl87
x3d.s

GPIOC7_Handler 00000000

Symbol: GPIOC7_Handler
   Definitions
      At line 782 in file ..\\..\\..\\..\\src\\mcu\\rtl87x3\\arm\\startup_rtl87
x3d.s
   Uses
      At line 232 in file ..\\..\\..\\..\\src\\mcu\\rtl87x3\\arm\\startup_rtl87



ARM Macro Assembler    Page 24 Alphabetic symbol ordering
Relocatable symbols

x3d.s
      At line 571 in file ..\\..\\..\\..\\src\\mcu\\rtl87x3\\arm\\startup_rtl87
x3d.s

GPIOC8_Handler 00000000

Symbol: GPIOC8_Handler
   Definitions
      At line 783 in file ..\\..\\..\\..\\src\\mcu\\rtl87x3\\arm\\startup_rtl87
x3d.s
   Uses
      At line 233 in file ..\\..\\..\\..\\src\\mcu\\rtl87x3\\arm\\startup_rtl87
x3d.s
      At line 572 in file ..\\..\\..\\..\\src\\mcu\\rtl87x3\\arm\\startup_rtl87
x3d.s

GPIOC9_Handler 00000000

Symbol: GPIOC9_Handler
   Definitions
      At line 784 in file ..\\..\\..\\..\\src\\mcu\\rtl87x3\\arm\\startup_rtl87
x3d.s
   Uses
      At line 234 in file ..\\..\\..\\..\\src\\mcu\\rtl87x3\\arm\\startup_rtl87
x3d.s
      At line 573 in file ..\\..\\..\\..\\src\\mcu\\rtl87x3\\arm\\startup_rtl87
x3d.s

GPIO_A_16_Handler 00000000

Symbol: GPIO_A_16_Handler
   Definitions
      At line 636 in file ..\\..\\..\\..\\src\\mcu\\rtl87x3\\arm\\startup_rtl87
x3d.s
   Uses
      At line 83 in file ..\\..\\..\\..\\src\\mcu\\rtl87x3\\arm\\startup_rtl87x
3d.s
      At line 425 in file ..\\..\\..\\..\\src\\mcu\\rtl87x3\\arm\\startup_rtl87
x3d.s

GPIO_A_17to23_Handler 00000000

Symbol: GPIO_A_17to23_Handler
   Definitions
      At line 639 in file ..\\..\\..\\..\\src\\mcu\\rtl87x3\\arm\\startup_rtl87
x3d.s
   Uses
      At line 86 in file ..\\..\\..\\..\\src\\mcu\\rtl87x3\\arm\\startup_rtl87x
3d.s
      At line 428 in file ..\\..\\..\\..\\src\\mcu\\rtl87x3\\arm\\startup_rtl87
x3d.s

GPIO_A_24to31_Handler 00000000

Symbol: GPIO_A_24to31_Handler
   Definitions
      At line 640 in file ..\\..\\..\\..\\src\\mcu\\rtl87x3\\arm\\startup_rtl87
x3d.s
   Uses



ARM Macro Assembler    Page 25 Alphabetic symbol ordering
Relocatable symbols

      At line 87 in file ..\\..\\..\\..\\src\\mcu\\rtl87x3\\arm\\startup_rtl87x
3d.s
      At line 429 in file ..\\..\\..\\..\\src\\mcu\\rtl87x3\\arm\\startup_rtl87
x3d.s

GPIO_A_2to7_Handler 00000000

Symbol: GPIO_A_2to7_Handler
   Definitions
      At line 637 in file ..\\..\\..\\..\\src\\mcu\\rtl87x3\\arm\\startup_rtl87
x3d.s
   Uses
      At line 84 in file ..\\..\\..\\..\\src\\mcu\\rtl87x3\\arm\\startup_rtl87x
3d.s
      At line 426 in file ..\\..\\..\\..\\src\\mcu\\rtl87x3\\arm\\startup_rtl87
x3d.s

GPIO_A_8_10to15_Handler 00000000

Symbol: GPIO_A_8_10to15_Handler
   Definitions
      At line 638 in file ..\\..\\..\\..\\src\\mcu\\rtl87x3\\arm\\startup_rtl87
x3d.s
   Uses
      At line 85 in file ..\\..\\..\\..\\src\\mcu\\rtl87x3\\arm\\startup_rtl87x
3d.s
      At line 427 in file ..\\..\\..\\..\\src\\mcu\\rtl87x3\\arm\\startup_rtl87
x3d.s

GPIO_A_9_Handler 00000000

Symbol: GPIO_A_9_Handler
   Definitions
      At line 635 in file ..\\..\\..\\..\\src\\mcu\\rtl87x3\\arm\\startup_rtl87
x3d.s
   Uses
      At line 82 in file ..\\..\\..\\..\\src\\mcu\\rtl87x3\\arm\\startup_rtl87x
3d.s
      At line 424 in file ..\\..\\..\\..\\src\\mcu\\rtl87x3\\arm\\startup_rtl87
x3d.s

GPIO_B_0to7_Handler 00000000

Symbol: GPIO_B_0to7_Handler
   Definitions
      At line 641 in file ..\\..\\..\\..\\src\\mcu\\rtl87x3\\arm\\startup_rtl87
x3d.s
   Uses
      At line 88 in file ..\\..\\..\\..\\src\\mcu\\rtl87x3\\arm\\startup_rtl87x
3d.s
      At line 430 in file ..\\..\\..\\..\\src\\mcu\\rtl87x3\\arm\\startup_rtl87
x3d.s

GPIO_B_16to23_Handler 00000000

Symbol: GPIO_B_16to23_Handler
   Definitions
      At line 643 in file ..\\..\\..\\..\\src\\mcu\\rtl87x3\\arm\\startup_rtl87
x3d.s



ARM Macro Assembler    Page 26 Alphabetic symbol ordering
Relocatable symbols

   Uses
      At line 90 in file ..\\..\\..\\..\\src\\mcu\\rtl87x3\\arm\\startup_rtl87x
3d.s
      At line 432 in file ..\\..\\..\\..\\src\\mcu\\rtl87x3\\arm\\startup_rtl87
x3d.s

GPIO_B_24to31_Handler 00000000

Symbol: GPIO_B_24to31_Handler
   Definitions
      At line 644 in file ..\\..\\..\\..\\src\\mcu\\rtl87x3\\arm\\startup_rtl87
x3d.s
   Uses
      At line 91 in file ..\\..\\..\\..\\src\\mcu\\rtl87x3\\arm\\startup_rtl87x
3d.s
      At line 433 in file ..\\..\\..\\..\\src\\mcu\\rtl87x3\\arm\\startup_rtl87
x3d.s

GPIO_B_8to15_Handler 00000000

Symbol: GPIO_B_8to15_Handler
   Definitions
      At line 642 in file ..\\..\\..\\..\\src\\mcu\\rtl87x3\\arm\\startup_rtl87
x3d.s
   Uses
      At line 89 in file ..\\..\\..\\..\\src\\mcu\\rtl87x3\\arm\\startup_rtl87x
3d.s
      At line 431 in file ..\\..\\..\\..\\src\\mcu\\rtl87x3\\arm\\startup_rtl87
x3d.s

GPIO_C_0to7_Handler 00000000

Symbol: GPIO_C_0to7_Handler
   Definitions
      At line 661 in file ..\\..\\..\\..\\src\\mcu\\rtl87x3\\arm\\startup_rtl87
x3d.s
   Uses
      At line 108 in file ..\\..\\..\\..\\src\\mcu\\rtl87x3\\arm\\startup_rtl87
x3d.s
      At line 450 in file ..\\..\\..\\..\\src\\mcu\\rtl87x3\\arm\\startup_rtl87
x3d.s

GPIO_C_8to15_Handler 00000000

Symbol: GPIO_C_8to15_Handler
   Definitions
      At line 662 in file ..\\..\\..\\..\\src\\mcu\\rtl87x3\\arm\\startup_rtl87
x3d.s
   Uses
      At line 109 in file ..\\..\\..\\..\\src\\mcu\\rtl87x3\\arm\\startup_rtl87
x3d.s
      At line 451 in file ..\\..\\..\\..\\src\\mcu\\rtl87x3\\arm\\startup_rtl87
x3d.s

HW_ASRC1_Handler 00000000

Symbol: HW_ASRC1_Handler
   Definitions
      At line 693 in file ..\\..\\..\\..\\src\\mcu\\rtl87x3\\arm\\startup_rtl87



ARM Macro Assembler    Page 27 Alphabetic symbol ordering
Relocatable symbols

x3d.s
   Uses
      At line 143 in file ..\\..\\..\\..\\src\\mcu\\rtl87x3\\arm\\startup_rtl87
x3d.s
      At line 482 in file ..\\..\\..\\..\\src\\mcu\\rtl87x3\\arm\\startup_rtl87
x3d.s

HW_ASRC2_Handler 00000000

Symbol: HW_ASRC2_Handler
   Definitions
      At line 694 in file ..\\..\\..\\..\\src\\mcu\\rtl87x3\\arm\\startup_rtl87
x3d.s
   Uses
      At line 144 in file ..\\..\\..\\..\\src\\mcu\\rtl87x3\\arm\\startup_rtl87
x3d.s
      At line 483 in file ..\\..\\..\\..\\src\\mcu\\rtl87x3\\arm\\startup_rtl87
x3d.s

HW_RSA_Handler 00000000

Symbol: HW_RSA_Handler
   Definitions
      At line 653 in file ..\\..\\..\\..\\src\\mcu\\rtl87x3\\arm\\startup_rtl87
x3d.s
   Uses
      At line 100 in file ..\\..\\..\\..\\src\\mcu\\rtl87x3\\arm\\startup_rtl87
x3d.s
      At line 442 in file ..\\..\\..\\..\\src\\mcu\\rtl87x3\\arm\\startup_rtl87
x3d.s

HardFault_Handler 00000000

Symbol: HardFault_Handler
   Definitions
      At line 581 in file ..\\..\\..\\..\\src\\mcu\\rtl87x3\\arm\\startup_rtl87
x3d.s
   Uses
      At line 21 in file ..\\..\\..\\..\\src\\mcu\\rtl87x3\\arm\\startup_rtl87x
3d.s
      At line 370 in file ..\\..\\..\\..\\src\\mcu\\rtl87x3\\arm\\startup_rtl87
x3d.s

I2C0_Handler 00000000

Symbol: I2C0_Handler
   Definitions
      At line 605 in file ..\\..\\..\\..\\src\\mcu\\rtl87x3\\arm\\startup_rtl87
x3d.s
   Uses
      At line 52 in file ..\\..\\..\\..\\src\\mcu\\rtl87x3\\arm\\startup_rtl87x
3d.s
      At line 394 in file ..\\..\\..\\..\\src\\mcu\\rtl87x3\\arm\\startup_rtl87
x3d.s

I2C1_Handler 00000000

Symbol: I2C1_Handler
   Definitions



ARM Macro Assembler    Page 28 Alphabetic symbol ordering
Relocatable symbols

      At line 606 in file ..\\..\\..\\..\\src\\mcu\\rtl87x3\\arm\\startup_rtl87
x3d.s
   Uses
      At line 53 in file ..\\..\\..\\..\\src\\mcu\\rtl87x3\\arm\\startup_rtl87x
3d.s
      At line 395 in file ..\\..\\..\\..\\src\\mcu\\rtl87x3\\arm\\startup_rtl87
x3d.s

I2C2_Handler 00000000

Symbol: I2C2_Handler
   Definitions
      At line 647 in file ..\\..\\..\\..\\src\\mcu\\rtl87x3\\arm\\startup_rtl87
x3d.s
   Uses
      At line 94 in file ..\\..\\..\\..\\src\\mcu\\rtl87x3\\arm\\startup_rtl87x
3d.s
      At line 436 in file ..\\..\\..\\..\\src\\mcu\\rtl87x3\\arm\\startup_rtl87
x3d.s

I2S0_RX_Handler 00000000

Symbol: I2S0_RX_Handler
   Definitions
      At line 596 in file ..\\..\\..\\..\\src\\mcu\\rtl87x3\\arm\\startup_rtl87
x3d.s
   Uses
      At line 43 in file ..\\..\\..\\..\\src\\mcu\\rtl87x3\\arm\\startup_rtl87x
3d.s
      At line 385 in file ..\\..\\..\\..\\src\\mcu\\rtl87x3\\arm\\startup_rtl87
x3d.s

I2S0_TX_Handler 00000000

Symbol: I2S0_TX_Handler
   Definitions
      At line 595 in file ..\\..\\..\\..\\src\\mcu\\rtl87x3\\arm\\startup_rtl87
x3d.s
   Uses
      At line 42 in file ..\\..\\..\\..\\src\\mcu\\rtl87x3\\arm\\startup_rtl87x
3d.s
      At line 384 in file ..\\..\\..\\..\\src\\mcu\\rtl87x3\\arm\\startup_rtl87
x3d.s

IR_Handler 00000000

Symbol: IR_Handler
   Definitions
      At line 617 in file ..\\..\\..\\..\\src\\mcu\\rtl87x3\\arm\\startup_rtl87
x3d.s
   Uses
      At line 64 in file ..\\..\\..\\..\\src\\mcu\\rtl87x3\\arm\\startup_rtl87x
3d.s
      At line 406 in file ..\\..\\..\\..\\src\\mcu\\rtl87x3\\arm\\startup_rtl87
x3d.s

KeyScan_Handler 00000000

Symbol: KeyScan_Handler



ARM Macro Assembler    Page 29 Alphabetic symbol ordering
Relocatable symbols

   Definitions
      At line 615 in file ..\\..\\..\\..\\src\\mcu\\rtl87x3\\arm\\startup_rtl87
x3d.s
   Uses
      At line 62 in file ..\\..\\..\\..\\src\\mcu\\rtl87x3\\arm\\startup_rtl87x
3d.s
      At line 404 in file ..\\..\\..\\..\\src\\mcu\\rtl87x3\\arm\\startup_rtl87
x3d.s

LPCOMP_Handler 00000000

Symbol: LPCOMP_Handler
   Definitions
      At line 690 in file ..\\..\\..\\..\\src\\mcu\\rtl87x3\\arm\\startup_rtl87
x3d.s
   Uses
      At line 140 in file ..\\..\\..\\..\\src\\mcu\\rtl87x3\\arm\\startup_rtl87
x3d.s
      At line 479 in file ..\\..\\..\\..\\src\\mcu\\rtl87x3\\arm\\startup_rtl87
x3d.s

MBIAS_ADP_DET_Handler 00000000

Symbol: MBIAS_ADP_DET_Handler
   Definitions
      At line 692 in file ..\\..\\..\\..\\src\\mcu\\rtl87x3\\arm\\startup_rtl87
x3d.s
   Uses
      At line 142 in file ..\\..\\..\\..\\src\\mcu\\rtl87x3\\arm\\startup_rtl87
x3d.s
      At line 481 in file ..\\..\\..\\..\\src\\mcu\\rtl87x3\\arm\\startup_rtl87
x3d.s

MBIAS_MFG_DET_L_Handler 00000000

Symbol: MBIAS_MFG_DET_L_Handler
   Definitions
      At line 688 in file ..\\..\\..\\..\\src\\mcu\\rtl87x3\\arm\\startup_rtl87
x3d.s
   Uses
      At line 138 in file ..\\..\\..\\..\\src\\mcu\\rtl87x3\\arm\\startup_rtl87
x3d.s
      At line 477 in file ..\\..\\..\\..\\src\\mcu\\rtl87x3\\arm\\startup_rtl87
x3d.s

MBIAS_VBAT_DET_Handler 00000000

Symbol: MBIAS_VBAT_DET_Handler
   Definitions
      At line 691 in file ..\\..\\..\\..\\src\\mcu\\rtl87x3\\arm\\startup_rtl87
x3d.s
   Uses
      At line 141 in file ..\\..\\..\\..\\src\\mcu\\rtl87x3\\arm\\startup_rtl87
x3d.s
      At line 480 in file ..\\..\\..\\..\\src\\mcu\\rtl87x3\\arm\\startup_rtl87
x3d.s

MemManage_Handler 00000000




ARM Macro Assembler    Page 30 Alphabetic symbol ordering
Relocatable symbols

Symbol: MemManage_Handler
   Definitions
      At line 582 in file ..\\..\\..\\..\\src\\mcu\\rtl87x3\\arm\\startup_rtl87
x3d.s
   Uses
      At line 22 in file ..\\..\\..\\..\\src\\mcu\\rtl87x3\\arm\\startup_rtl87x
3d.s
      At line 371 in file ..\\..\\..\\..\\src\\mcu\\rtl87x3\\arm\\startup_rtl87
x3d.s

NMI_Handler 00000000

Symbol: NMI_Handler
   Definitions
      At line 580 in file ..\\..\\..\\..\\src\\mcu\\rtl87x3\\arm\\startup_rtl87
x3d.s
   Uses
      At line 20 in file ..\\..\\..\\..\\src\\mcu\\rtl87x3\\arm\\startup_rtl87x
3d.s
      At line 369 in file ..\\..\\..\\..\\src\\mcu\\rtl87x3\\arm\\startup_rtl87
x3d.s

NNA_Handler 00000000

Symbol: NNA_Handler
   Definitions
      At line 658 in file ..\\..\\..\\..\\src\\mcu\\rtl87x3\\arm\\startup_rtl87
x3d.s
   Uses
      At line 105 in file ..\\..\\..\\..\\src\\mcu\\rtl87x3\\arm\\startup_rtl87
x3d.s
      At line 447 in file ..\\..\\..\\..\\src\\mcu\\rtl87x3\\arm\\startup_rtl87
x3d.s

PSRAM_Handler 00000000

Symbol: PSRAM_Handler
   Definitions
      At line 654 in file ..\\..\\..\\..\\src\\mcu\\rtl87x3\\arm\\startup_rtl87
x3d.s
   Uses
      At line 101 in file ..\\..\\..\\..\\src\\mcu\\rtl87x3\\arm\\startup_rtl87
x3d.s
      At line 443 in file ..\\..\\..\\..\\src\\mcu\\rtl87x3\\arm\\startup_rtl87
x3d.s

PTA_Mailbox_Handler 00000000

Symbol: PTA_Mailbox_Handler
   Definitions
      At line 696 in file ..\\..\\..\\..\\src\\mcu\\rtl87x3\\arm\\startup_rtl87
x3d.s
   Uses
      At line 146 in file ..\\..\\..\\..\\src\\mcu\\rtl87x3\\arm\\startup_rtl87
x3d.s
      At line 485 in file ..\\..\\..\\..\\src\\mcu\\rtl87x3\\arm\\startup_rtl87
x3d.s

PendSV_Handler 00000000



ARM Macro Assembler    Page 31 Alphabetic symbol ordering
Relocatable symbols


Symbol: PendSV_Handler
   Definitions
      At line 587 in file ..\\..\\..\\..\\src\\mcu\\rtl87x3\\arm\\startup_rtl87
x3d.s
   Uses
      At line 32 in file ..\\..\\..\\..\\src\\mcu\\rtl87x3\\arm\\startup_rtl87x
3d.s
      At line 376 in file ..\\..\\..\\..\\src\\mcu\\rtl87x3\\arm\\startup_rtl87
x3d.s

Peripheral_Handler 00000000

Symbol: Peripheral_Handler
   Definitions
      At line 608 in file ..\\..\\..\\..\\src\\mcu\\rtl87x3\\arm\\startup_rtl87
x3d.s
   Uses
      At line 55 in file ..\\..\\..\\..\\src\\mcu\\rtl87x3\\arm\\startup_rtl87x
3d.s
      At line 397 in file ..\\..\\..\\..\\src\\mcu\\rtl87x3\\arm\\startup_rtl87
x3d.s

Platform_Handler 00000000

Symbol: Platform_Handler
   Definitions
      At line 594 in file ..\\..\\..\\..\\src\\mcu\\rtl87x3\\arm\\startup_rtl87
x3d.s
   Uses
      At line 41 in file ..\\..\\..\\..\\src\\mcu\\rtl87x3\\arm\\startup_rtl87x
3d.s
      At line 383 in file ..\\..\\..\\..\\src\\mcu\\rtl87x3\\arm\\startup_rtl87
x3d.s

QDEC_Handler 00000000

Symbol: QDEC_Handler
   Definitions
      At line 616 in file ..\\..\\..\\..\\src\\mcu\\rtl87x3\\arm\\startup_rtl87
x3d.s
   Uses
      At line 63 in file ..\\..\\..\\..\\src\\mcu\\rtl87x3\\arm\\startup_rtl87x
3d.s
      At line 405 in file ..\\..\\..\\..\\src\\mcu\\rtl87x3\\arm\\startup_rtl87
x3d.s

RESERVED0_Handler 00000000

Symbol: RESERVED0_Handler
   Definitions
      At line 679 in file ..\\..\\..\\..\\src\\mcu\\rtl87x3\\arm\\startup_rtl87
x3d.s
   Uses
      At line 129 in file ..\\..\\..\\..\\src\\mcu\\rtl87x3\\arm\\startup_rtl87
x3d.s
      At line 468 in file ..\\..\\..\\..\\src\\mcu\\rtl87x3\\arm\\startup_rtl87
x3d.s




ARM Macro Assembler    Page 32 Alphabetic symbol ordering
Relocatable symbols

RESERVED1_Handler 00000000

Symbol: RESERVED1_Handler
   Definitions
      At line 680 in file ..\\..\\..\\..\\src\\mcu\\rtl87x3\\arm\\startup_rtl87
x3d.s
   Uses
      At line 130 in file ..\\..\\..\\..\\src\\mcu\\rtl87x3\\arm\\startup_rtl87
x3d.s
      At line 469 in file ..\\..\\..\\..\\src\\mcu\\rtl87x3\\arm\\startup_rtl87
x3d.s

RESERVED2_Handler 00000000

Symbol: RESERVED2_Handler
   Definitions
      At line 681 in file ..\\..\\..\\..\\src\\mcu\\rtl87x3\\arm\\startup_rtl87
x3d.s
   Uses
      At line 131 in file ..\\..\\..\\..\\src\\mcu\\rtl87x3\\arm\\startup_rtl87
x3d.s
      At line 470 in file ..\\..\\..\\..\\src\\mcu\\rtl87x3\\arm\\startup_rtl87
x3d.s

RESERVED3_Handler 00000000

Symbol: RESERVED3_Handler
   Definitions
      At line 682 in file ..\\..\\..\\..\\src\\mcu\\rtl87x3\\arm\\startup_rtl87
x3d.s
   Uses
      At line 132 in file ..\\..\\..\\..\\src\\mcu\\rtl87x3\\arm\\startup_rtl87
x3d.s
      At line 471 in file ..\\..\\..\\..\\src\\mcu\\rtl87x3\\arm\\startup_rtl87
x3d.s

RESERVED4_Handler 00000000

Symbol: RESERVED4_Handler
   Definitions
      At line 683 in file ..\\..\\..\\..\\src\\mcu\\rtl87x3\\arm\\startup_rtl87
x3d.s
   Uses
      At line 133 in file ..\\..\\..\\..\\src\\mcu\\rtl87x3\\arm\\startup_rtl87
x3d.s
      At line 472 in file ..\\..\\..\\..\\src\\mcu\\rtl87x3\\arm\\startup_rtl87
x3d.s

RESERVED5_Handler 00000000

Symbol: RESERVED5_Handler
   Definitions
      At line 684 in file ..\\..\\..\\..\\src\\mcu\\rtl87x3\\arm\\startup_rtl87
x3d.s
   Uses
      At line 134 in file ..\\..\\..\\..\\src\\mcu\\rtl87x3\\arm\\startup_rtl87
x3d.s
      At line 473 in file ..\\..\\..\\..\\src\\mcu\\rtl87x3\\arm\\startup_rtl87
x3d.s



ARM Macro Assembler    Page 33 Alphabetic symbol ordering
Relocatable symbols


RESERVED6_Handler 00000000

Symbol: RESERVED6_Handler
   Definitions
      At line 685 in file ..\\..\\..\\..\\src\\mcu\\rtl87x3\\arm\\startup_rtl87
x3d.s
   Uses
      At line 135 in file ..\\..\\..\\..\\src\\mcu\\rtl87x3\\arm\\startup_rtl87
x3d.s
      At line 474 in file ..\\..\\..\\..\\src\\mcu\\rtl87x3\\arm\\startup_rtl87
x3d.s

RESERVED7_Handler 00000000

Symbol: RESERVED7_Handler
   Definitions
      At line 710 in file ..\\..\\..\\..\\src\\mcu\\rtl87x3\\arm\\startup_rtl87
x3d.s
   Uses
      At line 160 in file ..\\..\\..\\..\\src\\mcu\\rtl87x3\\arm\\startup_rtl87
x3d.s
Comment: RESERVED7_Handler used once
RTC_Handler 00000000

Symbol: RTC_Handler
   Definitions
      At line 602 in file ..\\..\\..\\..\\src\\mcu\\rtl87x3\\arm\\startup_rtl87
x3d.s
   Uses
      At line 49 in file ..\\..\\..\\..\\src\\mcu\\rtl87x3\\arm\\startup_rtl87x
3d.s
      At line 391 in file ..\\..\\..\\..\\src\\mcu\\rtl87x3\\arm\\startup_rtl87
x3d.s

SDIO_HOST_Handler 00000000

Symbol: SDIO_HOST_Handler
   Definitions
      At line 675 in file ..\\..\\..\\..\\src\\mcu\\rtl87x3\\arm\\startup_rtl87
x3d.s
   Uses
      At line 124 in file ..\\..\\..\\..\\src\\mcu\\rtl87x3\\arm\\startup_rtl87
x3d.s
      At line 464 in file ..\\..\\..\\..\\src\\mcu\\rtl87x3\\arm\\startup_rtl87
x3d.s

SHA256_Handler 00000000

Symbol: SHA256_Handler
   Definitions
      At line 650 in file ..\\..\\..\\..\\src\\mcu\\rtl87x3\\arm\\startup_rtl87
x3d.s
   Uses
      At line 97 in file ..\\..\\..\\..\\src\\mcu\\rtl87x3\\arm\\startup_rtl87x
3d.s
      At line 439 in file ..\\..\\..\\..\\src\\mcu\\rtl87x3\\arm\\startup_rtl87
x3d.s




ARM Macro Assembler    Page 34 Alphabetic symbol ordering
Relocatable symbols

SLAVE_PORT_MONITOR_Handler 00000000

Symbol: SLAVE_PORT_MONITOR_Handler
   Definitions
      At line 678 in file ..\\..\\..\\..\\src\\mcu\\rtl87x3\\arm\\startup_rtl87
x3d.s
   Uses
      At line 127 in file ..\\..\\..\\..\\src\\mcu\\rtl87x3\\arm\\startup_rtl87
x3d.s
      At line 467 in file ..\\..\\..\\..\\src\\mcu\\rtl87x3\\arm\\startup_rtl87
x3d.s

SPDIF_Rx_Handler 00000000

Symbol: SPDIF_Rx_Handler
   Definitions
      At line 686 in file ..\\..\\..\\..\\src\\mcu\\rtl87x3\\arm\\startup_rtl87
x3d.s
   Uses
      At line 136 in file ..\\..\\..\\..\\src\\mcu\\rtl87x3\\arm\\startup_rtl87
x3d.s
      At line 475 in file ..\\..\\..\\..\\src\\mcu\\rtl87x3\\arm\\startup_rtl87
x3d.s

SPDIF_Tx_Handler 00000000

Symbol: SPDIF_Tx_Handler
   Definitions
      At line 687 in file ..\\..\\..\\..\\src\\mcu\\rtl87x3\\arm\\startup_rtl87
x3d.s
   Uses
      At line 137 in file ..\\..\\..\\..\\src\\mcu\\rtl87x3\\arm\\startup_rtl87
x3d.s
      At line 476 in file ..\\..\\..\\..\\src\\mcu\\rtl87x3\\arm\\startup_rtl87
x3d.s

SPI0_Handler 00000000

Symbol: SPI0_Handler
   Definitions
      At line 603 in file ..\\..\\..\\..\\src\\mcu\\rtl87x3\\arm\\startup_rtl87
x3d.s
   Uses
      At line 50 in file ..\\..\\..\\..\\src\\mcu\\rtl87x3\\arm\\startup_rtl87x
3d.s
      At line 392 in file ..\\..\\..\\..\\src\\mcu\\rtl87x3\\arm\\startup_rtl87
x3d.s

SPI1_Handler 00000000

Symbol: SPI1_Handler
   Definitions
      At line 604 in file ..\\..\\..\\..\\src\\mcu\\rtl87x3\\arm\\startup_rtl87
x3d.s
   Uses
      At line 51 in file ..\\..\\..\\..\\src\\mcu\\rtl87x3\\arm\\startup_rtl87x
3d.s
      At line 393 in file ..\\..\\..\\..\\src\\mcu\\rtl87x3\\arm\\startup_rtl87
x3d.s



ARM Macro Assembler    Page 35 Alphabetic symbol ordering
Relocatable symbols


SPI2W_Handler 00000000

Symbol: SPI2W_Handler
   Definitions
      At line 689 in file ..\\..\\..\\..\\src\\mcu\\rtl87x3\\arm\\startup_rtl87
x3d.s
   Uses
      At line 139 in file ..\\..\\..\\..\\src\\mcu\\rtl87x3\\arm\\startup_rtl87
x3d.s
      At line 478 in file ..\\..\\..\\..\\src\\mcu\\rtl87x3\\arm\\startup_rtl87
x3d.s

SPI2_Handler 00000000

Symbol: SPI2_Handler
   Definitions
      At line 646 in file ..\\..\\..\\..\\src\\mcu\\rtl87x3\\arm\\startup_rtl87
x3d.s
   Uses
      At line 93 in file ..\\..\\..\\..\\src\\mcu\\rtl87x3\\arm\\startup_rtl87x
3d.s
      At line 435 in file ..\\..\\..\\..\\src\\mcu\\rtl87x3\\arm\\startup_rtl87
x3d.s

SPIC0_Handler 00000000

Symbol: SPIC0_Handler
   Definitions
      At line 671 in file ..\\..\\..\\..\\src\\mcu\\rtl87x3\\arm\\startup_rtl87
x3d.s
   Uses
      At line 120 in file ..\\..\\..\\..\\src\\mcu\\rtl87x3\\arm\\startup_rtl87
x3d.s
      At line 460 in file ..\\..\\..\\..\\src\\mcu\\rtl87x3\\arm\\startup_rtl87
x3d.s

SPIC1_Handler 00000000

Symbol: SPIC1_Handler
   Definitions
      At line 672 in file ..\\..\\..\\..\\src\\mcu\\rtl87x3\\arm\\startup_rtl87
x3d.s
   Uses
      At line 121 in file ..\\..\\..\\..\\src\\mcu\\rtl87x3\\arm\\startup_rtl87
x3d.s
      At line 461 in file ..\\..\\..\\..\\src\\mcu\\rtl87x3\\arm\\startup_rtl87
x3d.s

SPIC2_Handler 00000000

Symbol: SPIC2_Handler
   Definitions
      At line 673 in file ..\\..\\..\\..\\src\\mcu\\rtl87x3\\arm\\startup_rtl87
x3d.s
   Uses
      At line 122 in file ..\\..\\..\\..\\src\\mcu\\rtl87x3\\arm\\startup_rtl87
x3d.s
      At line 462 in file ..\\..\\..\\..\\src\\mcu\\rtl87x3\\arm\\startup_rtl87



ARM Macro Assembler    Page 36 Alphabetic symbol ordering
Relocatable symbols

x3d.s

SPIC3_Handler 00000000

Symbol: SPIC3_Handler
   Definitions
      At line 674 in file ..\\..\\..\\..\\src\\mcu\\rtl87x3\\arm\\startup_rtl87
x3d.s
   Uses
      At line 123 in file ..\\..\\..\\..\\src\\mcu\\rtl87x3\\arm\\startup_rtl87
x3d.s
      At line 463 in file ..\\..\\..\\..\\src\\mcu\\rtl87x3\\arm\\startup_rtl87
x3d.s

SPIC4_Handler 00000000

Symbol: SPIC4_Handler
   Definitions
      At line 676 in file ..\\..\\..\\..\\src\\mcu\\rtl87x3\\arm\\startup_rtl87
x3d.s
   Uses
      At line 125 in file ..\\..\\..\\..\\src\\mcu\\rtl87x3\\arm\\startup_rtl87
x3d.s
      At line 465 in file ..\\..\\..\\..\\src\\mcu\\rtl87x3\\arm\\startup_rtl87
x3d.s

SPORT0_RX_Handler 00000000

Symbol: SPORT0_RX_Handler
   Definitions
      At line 705 in file ..\\..\\..\\..\\src\\mcu\\rtl87x3\\arm\\startup_rtl87
x3d.s
   Uses
      At line 155 in file ..\\..\\..\\..\\src\\mcu\\rtl87x3\\arm\\startup_rtl87
x3d.s
      At line 494 in file ..\\..\\..\\..\\src\\mcu\\rtl87x3\\arm\\startup_rtl87
x3d.s

SPORT0_TX_Handler 00000000

Symbol: SPORT0_TX_Handler
   Definitions
      At line 704 in file ..\\..\\..\\..\\src\\mcu\\rtl87x3\\arm\\startup_rtl87
x3d.s
   Uses
      At line 154 in file ..\\..\\..\\..\\src\\mcu\\rtl87x3\\arm\\startup_rtl87
x3d.s
      At line 493 in file ..\\..\\..\\..\\src\\mcu\\rtl87x3\\arm\\startup_rtl87
x3d.s

SPORT1_RX_Handler 00000000

Symbol: SPORT1_RX_Handler
   Definitions
      At line 707 in file ..\\..\\..\\..\\src\\mcu\\rtl87x3\\arm\\startup_rtl87
x3d.s
   Uses
      At line 157 in file ..\\..\\..\\..\\src\\mcu\\rtl87x3\\arm\\startup_rtl87
x3d.s



ARM Macro Assembler    Page 37 Alphabetic symbol ordering
Relocatable symbols

      At line 496 in file ..\\..\\..\\..\\src\\mcu\\rtl87x3\\arm\\startup_rtl87
x3d.s

SPORT1_TX_Handler 00000000

Symbol: SPORT1_TX_Handler
   Definitions
      At line 706 in file ..\\..\\..\\..\\src\\mcu\\rtl87x3\\arm\\startup_rtl87
x3d.s
   Uses
      At line 156 in file ..\\..\\..\\..\\src\\mcu\\rtl87x3\\arm\\startup_rtl87
x3d.s
      At line 495 in file ..\\..\\..\\..\\src\\mcu\\rtl87x3\\arm\\startup_rtl87
x3d.s

SPORT2_RX_Handler 00000000

Symbol: SPORT2_RX_Handler
   Definitions
      At line 699 in file ..\\..\\..\\..\\src\\mcu\\rtl87x3\\arm\\startup_rtl87
x3d.s
   Uses
      At line 149 in file ..\\..\\..\\..\\src\\mcu\\rtl87x3\\arm\\startup_rtl87
x3d.s
      At line 488 in file ..\\..\\..\\..\\src\\mcu\\rtl87x3\\arm\\startup_rtl87
x3d.s

SPORT2_TX_Handler 00000000

Symbol: SPORT2_TX_Handler
   Definitions
      At line 698 in file ..\\..\\..\\..\\src\\mcu\\rtl87x3\\arm\\startup_rtl87
x3d.s
   Uses
      At line 148 in file ..\\..\\..\\..\\src\\mcu\\rtl87x3\\arm\\startup_rtl87
x3d.s
      At line 487 in file ..\\..\\..\\..\\src\\mcu\\rtl87x3\\arm\\startup_rtl87
x3d.s

SPORT3_RX_Handler 00000000

Symbol: SPORT3_RX_Handler
   Definitions
      At line 701 in file ..\\..\\..\\..\\src\\mcu\\rtl87x3\\arm\\startup_rtl87
x3d.s
   Uses
      At line 151 in file ..\\..\\..\\..\\src\\mcu\\rtl87x3\\arm\\startup_rtl87
x3d.s
      At line 490 in file ..\\..\\..\\..\\src\\mcu\\rtl87x3\\arm\\startup_rtl87
x3d.s

SPORT3_TX_Handler 00000000

Symbol: SPORT3_TX_Handler
   Definitions
      At line 700 in file ..\\..\\..\\..\\src\\mcu\\rtl87x3\\arm\\startup_rtl87
x3d.s
   Uses
      At line 150 in file ..\\..\\..\\..\\src\\mcu\\rtl87x3\\arm\\startup_rtl87



ARM Macro Assembler    Page 38 Alphabetic symbol ordering
Relocatable symbols

x3d.s
      At line 489 in file ..\\..\\..\\..\\src\\mcu\\rtl87x3\\arm\\startup_rtl87
x3d.s

SVC_Handler 00000000

Symbol: SVC_Handler
   Definitions
      At line 585 in file ..\\..\\..\\..\\src\\mcu\\rtl87x3\\arm\\startup_rtl87
x3d.s
   Uses
      At line 29 in file ..\\..\\..\\..\\src\\mcu\\rtl87x3\\arm\\startup_rtl87x
3d.s
      At line 374 in file ..\\..\\..\\..\\src\\mcu\\rtl87x3\\arm\\startup_rtl87
x3d.s

SysTick_Handler 00000000

Symbol: SysTick_Handler
   Definitions
      At line 588 in file ..\\..\\..\\..\\src\\mcu\\rtl87x3\\arm\\startup_rtl87
x3d.s
   Uses
      At line 33 in file ..\\..\\..\\..\\src\\mcu\\rtl87x3\\arm\\startup_rtl87x
3d.s
      At line 377 in file ..\\..\\..\\..\\src\\mcu\\rtl87x3\\arm\\startup_rtl87
x3d.s

System_Handler 00000000

Symbol: System_Handler
   Definitions
      At line 589 in file ..\\..\\..\\..\\src\\mcu\\rtl87x3\\arm\\startup_rtl87
x3d.s
   Uses
      At line 36 in file ..\\..\\..\\..\\src\\mcu\\rtl87x3\\arm\\startup_rtl87x
3d.s
      At line 378 in file ..\\..\\..\\..\\src\\mcu\\rtl87x3\\arm\\startup_rtl87
x3d.s

TIM10_Handler 00000000

Symbol: TIM10_Handler
   Definitions
      At line 665 in file ..\\..\\..\\..\\src\\mcu\\rtl87x3\\arm\\startup_rtl87
x3d.s
   Uses
      At line 114 in file ..\\..\\..\\..\\src\\mcu\\rtl87x3\\arm\\startup_rtl87
x3d.s
      At line 454 in file ..\\..\\..\\..\\src\\mcu\\rtl87x3\\arm\\startup_rtl87
x3d.s

TIM11_Handler 00000000

Symbol: TIM11_Handler
   Definitions
      At line 666 in file ..\\..\\..\\..\\src\\mcu\\rtl87x3\\arm\\startup_rtl87
x3d.s
   Uses



ARM Macro Assembler    Page 39 Alphabetic symbol ordering
Relocatable symbols

      At line 115 in file ..\\..\\..\\..\\src\\mcu\\rtl87x3\\arm\\startup_rtl87
x3d.s
      At line 455 in file ..\\..\\..\\..\\src\\mcu\\rtl87x3\\arm\\startup_rtl87
x3d.s

TIM12_Handler 00000000

Symbol: TIM12_Handler
   Definitions
      At line 667 in file ..\\..\\..\\..\\src\\mcu\\rtl87x3\\arm\\startup_rtl87
x3d.s
   Uses
      At line 116 in file ..\\..\\..\\..\\src\\mcu\\rtl87x3\\arm\\startup_rtl87
x3d.s
      At line 456 in file ..\\..\\..\\..\\src\\mcu\\rtl87x3\\arm\\startup_rtl87
x3d.s

TIM13_Handler 00000000

Symbol: TIM13_Handler
   Definitions
      At line 668 in file ..\\..\\..\\..\\src\\mcu\\rtl87x3\\arm\\startup_rtl87
x3d.s
   Uses
      At line 117 in file ..\\..\\..\\..\\src\\mcu\\rtl87x3\\arm\\startup_rtl87
x3d.s
      At line 457 in file ..\\..\\..\\..\\src\\mcu\\rtl87x3\\arm\\startup_rtl87
x3d.s

TIM14_Handler 00000000

Symbol: TIM14_Handler
   Definitions
      At line 669 in file ..\\..\\..\\..\\src\\mcu\\rtl87x3\\arm\\startup_rtl87
x3d.s
   Uses
      At line 118 in file ..\\..\\..\\..\\src\\mcu\\rtl87x3\\arm\\startup_rtl87
x3d.s
      At line 458 in file ..\\..\\..\\..\\src\\mcu\\rtl87x3\\arm\\startup_rtl87
x3d.s

TIM15_Handler 00000000

Symbol: TIM15_Handler
   Definitions
      At line 670 in file ..\\..\\..\\..\\src\\mcu\\rtl87x3\\arm\\startup_rtl87
x3d.s
   Uses
      At line 119 in file ..\\..\\..\\..\\src\\mcu\\rtl87x3\\arm\\startup_rtl87
x3d.s
      At line 459 in file ..\\..\\..\\..\\src\\mcu\\rtl87x3\\arm\\startup_rtl87
x3d.s

TIM2_Handler 00000000

Symbol: TIM2_Handler
   Definitions
      At line 593 in file ..\\..\\..\\..\\src\\mcu\\rtl87x3\\arm\\startup_rtl87
x3d.s



ARM Macro Assembler    Page 40 Alphabetic symbol ordering
Relocatable symbols

   Uses
      At line 40 in file ..\\..\\..\\..\\src\\mcu\\rtl87x3\\arm\\startup_rtl87x
3d.s
      At line 382 in file ..\\..\\..\\..\\src\\mcu\\rtl87x3\\arm\\startup_rtl87
x3d.s

TIM3_Handler 00000000

Symbol: TIM3_Handler
   Definitions
      At line 629 in file ..\\..\\..\\..\\src\\mcu\\rtl87x3\\arm\\startup_rtl87
x3d.s
   Uses
      At line 76 in file ..\\..\\..\\..\\src\\mcu\\rtl87x3\\arm\\startup_rtl87x
3d.s
      At line 418 in file ..\\..\\..\\..\\src\\mcu\\rtl87x3\\arm\\startup_rtl87
x3d.s

TIM4_Handler 00000000

Symbol: TIM4_Handler
   Definitions
      At line 630 in file ..\\..\\..\\..\\src\\mcu\\rtl87x3\\arm\\startup_rtl87
x3d.s
   Uses
      At line 77 in file ..\\..\\..\\..\\src\\mcu\\rtl87x3\\arm\\startup_rtl87x
3d.s
      At line 419 in file ..\\..\\..\\..\\src\\mcu\\rtl87x3\\arm\\startup_rtl87
x3d.s

TIM5_Handler 00000000

Symbol: TIM5_Handler
   Definitions
      At line 631 in file ..\\..\\..\\..\\src\\mcu\\rtl87x3\\arm\\startup_rtl87
x3d.s
   Uses
      At line 78 in file ..\\..\\..\\..\\src\\mcu\\rtl87x3\\arm\\startup_rtl87x
3d.s
      At line 420 in file ..\\..\\..\\..\\src\\mcu\\rtl87x3\\arm\\startup_rtl87
x3d.s

TIM6_Handler 00000000

Symbol: TIM6_Handler
   Definitions
      At line 632 in file ..\\..\\..\\..\\src\\mcu\\rtl87x3\\arm\\startup_rtl87
x3d.s
   Uses
      At line 79 in file ..\\..\\..\\..\\src\\mcu\\rtl87x3\\arm\\startup_rtl87x
3d.s
      At line 421 in file ..\\..\\..\\..\\src\\mcu\\rtl87x3\\arm\\startup_rtl87
x3d.s

TIM7_Handler 00000000

Symbol: TIM7_Handler
   Definitions
      At line 633 in file ..\\..\\..\\..\\src\\mcu\\rtl87x3\\arm\\startup_rtl87



ARM Macro Assembler    Page 41 Alphabetic symbol ordering
Relocatable symbols

x3d.s
   Uses
      At line 80 in file ..\\..\\..\\..\\src\\mcu\\rtl87x3\\arm\\startup_rtl87x
3d.s
      At line 422 in file ..\\..\\..\\..\\src\\mcu\\rtl87x3\\arm\\startup_rtl87
x3d.s

TIM8_Handler 00000000

Symbol: TIM8_Handler
   Definitions
      At line 663 in file ..\\..\\..\\..\\src\\mcu\\rtl87x3\\arm\\startup_rtl87
x3d.s
   Uses
      At line 112 in file ..\\..\\..\\..\\src\\mcu\\rtl87x3\\arm\\startup_rtl87
x3d.s
      At line 452 in file ..\\..\\..\\..\\src\\mcu\\rtl87x3\\arm\\startup_rtl87
x3d.s

TIM8to11_Handler 00000000

Symbol: TIM8to11_Handler
   Definitions
      At line 634 in file ..\\..\\..\\..\\src\\mcu\\rtl87x3\\arm\\startup_rtl87
x3d.s
   Uses
      At line 81 in file ..\\..\\..\\..\\src\\mcu\\rtl87x3\\arm\\startup_rtl87x
3d.s
      At line 423 in file ..\\..\\..\\..\\src\\mcu\\rtl87x3\\arm\\startup_rtl87
x3d.s
      At line 499 in file ..\\..\\..\\..\\src\\mcu\\rtl87x3\\arm\\startup_rtl87
x3d.s

TIM9_Handler 00000000

Symbol: TIM9_Handler
   Definitions
      At line 664 in file ..\\..\\..\\..\\src\\mcu\\rtl87x3\\arm\\startup_rtl87
x3d.s
   Uses
      At line 113 in file ..\\..\\..\\..\\src\\mcu\\rtl87x3\\arm\\startup_rtl87
x3d.s
      At line 453 in file ..\\..\\..\\..\\src\\mcu\\rtl87x3\\arm\\startup_rtl87
x3d.s

UART0_Handler 00000000

Symbol: UART0_Handler
   Definitions
      At line 601 in file ..\\..\\..\\..\\src\\mcu\\rtl87x3\\arm\\startup_rtl87
x3d.s
   Uses
      At line 48 in file ..\\..\\..\\..\\src\\mcu\\rtl87x3\\arm\\startup_rtl87x
3d.s
      At line 390 in file ..\\..\\..\\..\\src\\mcu\\rtl87x3\\arm\\startup_rtl87
x3d.s

UART1_Handler 00000000




ARM Macro Assembler    Page 42 Alphabetic symbol ordering
Relocatable symbols

Symbol: UART1_Handler
   Definitions
      At line 600 in file ..\\..\\..\\..\\src\\mcu\\rtl87x3\\arm\\startup_rtl87
x3d.s
   Uses
      At line 47 in file ..\\..\\..\\..\\src\\mcu\\rtl87x3\\arm\\startup_rtl87x
3d.s
      At line 389 in file ..\\..\\..\\..\\src\\mcu\\rtl87x3\\arm\\startup_rtl87
x3d.s

UART2_Handler 00000000

Symbol: UART2_Handler
   Definitions
      At line 597 in file ..\\..\\..\\..\\src\\mcu\\rtl87x3\\arm\\startup_rtl87
x3d.s
   Uses
      At line 44 in file ..\\..\\..\\..\\src\\mcu\\rtl87x3\\arm\\startup_rtl87x
3d.s
      At line 386 in file ..\\..\\..\\..\\src\\mcu\\rtl87x3\\arm\\startup_rtl87
x3d.s

UART3_Handler 00000000

Symbol: UART3_Handler
   Definitions
      At line 645 in file ..\\..\\..\\..\\src\\mcu\\rtl87x3\\arm\\startup_rtl87
x3d.s
   Uses
      At line 92 in file ..\\..\\..\\..\\src\\mcu\\rtl87x3\\arm\\startup_rtl87x
3d.s
      At line 434 in file ..\\..\\..\\..\\src\\mcu\\rtl87x3\\arm\\startup_rtl87
x3d.s

USB_DLPS_Resume_Handler 00000000

Symbol: USB_DLPS_Resume_Handler
   Definitions
      At line 709 in file ..\\..\\..\\..\\src\\mcu\\rtl87x3\\arm\\startup_rtl87
x3d.s
   Uses
      At line 159 in file ..\\..\\..\\..\\src\\mcu\\rtl87x3\\arm\\startup_rtl87
x3d.s
      At line 498 in file ..\\..\\..\\..\\src\\mcu\\rtl87x3\\arm\\startup_rtl87
x3d.s

USB_IP_Handler 00000000

Symbol: USB_IP_Handler
   Definitions
      At line 592 in file ..\\..\\..\\..\\src\\mcu\\rtl87x3\\arm\\startup_rtl87
x3d.s
   Uses
      At line 39 in file ..\\..\\..\\..\\src\\mcu\\rtl87x3\\arm\\startup_rtl87x
3d.s
      At line 381 in file ..\\..\\..\\..\\src\\mcu\\rtl87x3\\arm\\startup_rtl87
x3d.s

USB_ISOC_Handler 00000000



ARM Macro Assembler    Page 43 Alphabetic symbol ordering
Relocatable symbols


Symbol: USB_ISOC_Handler
   Definitions
      At line 651 in file ..\\..\\..\\..\\src\\mcu\\rtl87x3\\arm\\startup_rtl87
x3d.s
   Uses
      At line 98 in file ..\\..\\..\\..\\src\\mcu\\rtl87x3\\arm\\startup_rtl87x
3d.s
      At line 440 in file ..\\..\\..\\..\\src\\mcu\\rtl87x3\\arm\\startup_rtl87
x3d.s

USB_UTMI_SUSPEND_N_Handler 00000000

Symbol: USB_UTMI_SUSPEND_N_Handler
   Definitions
      At line 708 in file ..\\..\\..\\..\\src\\mcu\\rtl87x3\\arm\\startup_rtl87
x3d.s
   Uses
      At line 158 in file ..\\..\\..\\..\\src\\mcu\\rtl87x3\\arm\\startup_rtl87
x3d.s
      At line 497 in file ..\\..\\..\\..\\src\\mcu\\rtl87x3\\arm\\startup_rtl87
x3d.s

UsageFault_Handler 00000000

Symbol: UsageFault_Handler
   Definitions
      At line 584 in file ..\\..\\..\\..\\src\\mcu\\rtl87x3\\arm\\startup_rtl87
x3d.s
   Uses
      At line 24 in file ..\\..\\..\\..\\src\\mcu\\rtl87x3\\arm\\startup_rtl87x
3d.s
      At line 373 in file ..\\..\\..\\..\\src\\mcu\\rtl87x3\\arm\\startup_rtl87
x3d.s

VADBUF_Handler 00000000

Symbol: VADBUF_Handler
   Definitions
      At line 695 in file ..\\..\\..\\..\\src\\mcu\\rtl87x3\\arm\\startup_rtl87
x3d.s
   Uses
      At line 145 in file ..\\..\\..\\..\\src\\mcu\\rtl87x3\\arm\\startup_rtl87
x3d.s
      At line 484 in file ..\\..\\..\\..\\src\\mcu\\rtl87x3\\arm\\startup_rtl87
x3d.s

VAD_Handler 00000000

Symbol: VAD_Handler
   Definitions
      At line 702 in file ..\\..\\..\\..\\src\\mcu\\rtl87x3\\arm\\startup_rtl87
x3d.s
   Uses
      At line 152 in file ..\\..\\..\\..\\src\\mcu\\rtl87x3\\arm\\startup_rtl87
x3d.s
      At line 491 in file ..\\..\\..\\..\\src\\mcu\\rtl87x3\\arm\\startup_rtl87
x3d.s




ARM Macro Assembler    Page 44 Alphabetic symbol ordering
Relocatable symbols

WDT_Handler 00000000

Symbol: WDT_Handler
   Definitions
      At line 590 in file ..\\..\\..\\..\\src\\mcu\\rtl87x3\\arm\\startup_rtl87
x3d.s
   Uses
      At line 37 in file ..\\..\\..\\..\\src\\mcu\\rtl87x3\\arm\\startup_rtl87x
3d.s
      At line 379 in file ..\\..\\..\\..\\src\\mcu\\rtl87x3\\arm\\startup_rtl87
x3d.s

__user_setup_stackheap 00000010

Symbol: __user_setup_stackheap
   Definitions
      At line 804 in file ..\\..\\..\\..\\src\\mcu\\rtl87x3\\arm\\startup_rtl87
x3d.s
   Uses
      At line 803 in file ..\\..\\..\\..\\src\\mcu\\rtl87x3\\arm\\startup_rtl87
x3d.s
Comment: __user_setup_stackheap used once
dspdma_int_all_host_Handler 00000000

Symbol: dspdma_int_all_host_Handler
   Definitions
      At line 657 in file ..\\..\\..\\..\\src\\mcu\\rtl87x3\\arm\\startup_rtl87
x3d.s
   Uses
      At line 104 in file ..\\..\\..\\..\\src\\mcu\\rtl87x3\\arm\\startup_rtl87
x3d.s
      At line 446 in file ..\\..\\..\\..\\src\\mcu\\rtl87x3\\arm\\startup_rtl87
x3d.s

215 symbols



ARM Macro Assembler    Page 1 Alphabetic symbol ordering
Absolute symbols

__Vectors_Size 00000370

Symbol: __Vectors_Size
   Definitions
      At line 243 in file ..\\..\\..\\..\\src\\mcu\\rtl87x3\\arm\\startup_rtl87
x3d.s
   Uses
      At line 16 in file ..\\..\\..\\..\\src\\mcu\\rtl87x3\\arm\\startup_rtl87x
3d.s
Comment: __Vectors_Size used once
__initial_sp 00420000

Symbol: __initial_sp
   Definitions
      At line 6 in file ..\\..\\..\\..\\src\\mcu\\rtl87x3\\arm\\startup_rtl87x3
d.s
   Uses
      At line 18 in file ..\\..\\..\\..\\src\\mcu\\rtl87x3\\arm\\startup_rtl87x
3d.s
Comment: __initial_sp used once
2 symbols



ARM Macro Assembler    Page 1 Alphabetic symbol ordering
External symbols

Image$$RAM_GLOBAL$$RW$$Base 00000000

Symbol: Image$$RAM_GLOBAL$$RW$$Base
   Definitions
      At line 267 in file ..\\..\\..\\..\\src\\mcu\\rtl87x3\\arm\\startup_rtl87
x3d.s
   Uses
      At line 270 in file ..\\..\\..\\..\\src\\mcu\\rtl87x3\\arm\\startup_rtl87
x3d.s
Comment: Image$$RAM_GLOBAL$$RW$$Base used once
Image$$RAM_GLOBAL$$RW$$Length 00000000

Symbol: Image$$RAM_GLOBAL$$RW$$Length
   Definitions
      At line 268 in file ..\\..\\..\\..\\src\\mcu\\rtl87x3\\arm\\startup_rtl87
x3d.s
   Uses
      At line 271 in file ..\\..\\..\\..\\src\\mcu\\rtl87x3\\arm\\startup_rtl87
x3d.s
Comment: Image$$RAM_GLOBAL$$RW$$Length used once
Image$$RAM_GLOBAL$$ZI$$Base 00000000

Symbol: Image$$RAM_GLOBAL$$ZI$$Base
   Definitions
      At line 284 in file ..\\..\\..\\..\\src\\mcu\\rtl87x3\\arm\\startup_rtl87
x3d.s
   Uses
      At line 286 in file ..\\..\\..\\..\\src\\mcu\\rtl87x3\\arm\\startup_rtl87
x3d.s
Comment: Image$$RAM_GLOBAL$$ZI$$Base used once
Image$$RAM_GLOBAL$$ZI$$Length 00000000

Symbol: Image$$RAM_GLOBAL$$ZI$$Length
   Definitions
      At line 285 in file ..\\..\\..\\..\\src\\mcu\\rtl87x3\\arm\\startup_rtl87
x3d.s
   Uses
      At line 287 in file ..\\..\\..\\..\\src\\mcu\\rtl87x3\\arm\\startup_rtl87
x3d.s
Comment: Image$$RAM_GLOBAL$$ZI$$Length used once
Image$$RAM_TEXT$$RO$$Base 00000000

Symbol: Image$$RAM_TEXT$$RO$$Base
   Definitions
      At line 317 in file ..\\..\\..\\..\\src\\mcu\\rtl87x3\\arm\\startup_rtl87
x3d.s
   Uses
      At line 320 in file ..\\..\\..\\..\\src\\mcu\\rtl87x3\\arm\\startup_rtl87
x3d.s
Comment: Image$$RAM_TEXT$$RO$$Base used once
Image$$RAM_TEXT$$RO$$Length 00000000

Symbol: Image$$RAM_TEXT$$RO$$Length
   Definitions
      At line 318 in file ..\\..\\..\\..\\src\\mcu\\rtl87x3\\arm\\startup_rtl87
x3d.s
   Uses
      At line 321 in file ..\\..\\..\\..\\src\\mcu\\rtl87x3\\arm\\startup_rtl87
x3d.s



ARM Macro Assembler    Page 2 Alphabetic symbol ordering
External symbols

Comment: Image$$RAM_TEXT$$RO$$Length used once
Image$$RAM_TEXT$$RW$$Base 00000000

Symbol: Image$$RAM_TEXT$$RW$$Base
   Definitions
      At line 299 in file ..\\..\\..\\..\\src\\mcu\\rtl87x3\\arm\\startup_rtl87
x3d.s
   Uses
      At line 302 in file ..\\..\\..\\..\\src\\mcu\\rtl87x3\\arm\\startup_rtl87
x3d.s
Comment: Image$$RAM_TEXT$$RW$$Base used once
Image$$RAM_TEXT$$RW$$Length 00000000

Symbol: Image$$RAM_TEXT$$RW$$Length
   Definitions
      At line 300 in file ..\\..\\..\\..\\src\\mcu\\rtl87x3\\arm\\startup_rtl87
x3d.s
   Uses
      At line 303 in file ..\\..\\..\\..\\src\\mcu\\rtl87x3\\arm\\startup_rtl87
x3d.s
Comment: Image$$RAM_TEXT$$RW$$Length used once
Image$$RAM_TEXT$$ZI$$Base 00000000

Symbol: Image$$RAM_TEXT$$ZI$$Base
   Definitions
      At line 334 in file ..\\..\\..\\..\\src\\mcu\\rtl87x3\\arm\\startup_rtl87
x3d.s
   Uses
      At line 336 in file ..\\..\\..\\..\\src\\mcu\\rtl87x3\\arm\\startup_rtl87
x3d.s
Comment: Image$$RAM_TEXT$$ZI$$Base used once
Image$$RAM_TEXT$$ZI$$Length 00000000

Symbol: Image$$RAM_TEXT$$ZI$$Length
   Definitions
      At line 335 in file ..\\..\\..\\..\\src\\mcu\\rtl87x3\\arm\\startup_rtl87
x3d.s
   Uses
      At line 337 in file ..\\..\\..\\..\\src\\mcu\\rtl87x3\\arm\\startup_rtl87
x3d.s
Comment: Image$$RAM_TEXT$$ZI$$Length used once
Load$$RAM_GLOBAL$$RW$$Base 00000000

Symbol: Load$$RAM_GLOBAL$$RW$$Base
   Definitions
      At line 266 in file ..\\..\\..\\..\\src\\mcu\\rtl87x3\\arm\\startup_rtl87
x3d.s
   Uses
      At line 269 in file ..\\..\\..\\..\\src\\mcu\\rtl87x3\\arm\\startup_rtl87
x3d.s
Comment: Load$$RAM_GLOBAL$$RW$$Base used once
Load$$RAM_TEXT$$RO$$Base 00000000

Symbol: Load$$RAM_TEXT$$RO$$Base
   Definitions
      At line 316 in file ..\\..\\..\\..\\src\\mcu\\rtl87x3\\arm\\startup_rtl87
x3d.s
   Uses
      At line 319 in file ..\\..\\..\\..\\src\\mcu\\rtl87x3\\arm\\startup_rtl87



ARM Macro Assembler    Page 3 Alphabetic symbol ordering
External symbols

x3d.s
Comment: Load$$RAM_TEXT$$RO$$Base used once
Load$$RAM_TEXT$$RW$$Base 00000000

Symbol: Load$$RAM_TEXT$$RW$$Base
   Definitions
      At line 298 in file ..\\..\\..\\..\\src\\mcu\\rtl87x3\\arm\\startup_rtl87
x3d.s
   Uses
      At line 301 in file ..\\..\\..\\..\\src\\mcu\\rtl87x3\\arm\\startup_rtl87
x3d.s
Comment: Load$$RAM_TEXT$$RW$$Base used once
__main 00000000

Symbol: __main
   Definitions
      At line 251 in file ..\\..\\..\\..\\src\\mcu\\rtl87x3\\arm\\startup_rtl87
x3d.s
   Uses
      None
Comment: __main unused
log_direct 00000000

Symbol: log_direct
   Definitions
      At line 791 in file ..\\..\\..\\..\\src\\mcu\\rtl87x3\\arm\\startup_rtl87
x3d.s
   Uses
      At line 795 in file ..\\..\\..\\..\\src\\mcu\\rtl87x3\\arm\\startup_rtl87
x3d.s
Comment: log_direct used once
main 00000000

Symbol: main
   Definitions
      At line 355 in file ..\\..\\..\\..\\src\\mcu\\rtl87x3\\arm\\startup_rtl87
x3d.s
   Uses
      At line 358 in file ..\\..\\..\\..\\src\\mcu\\rtl87x3\\arm\\startup_rtl87
x3d.s
Comment: main used once
system_init 00000000

Symbol: system_init
   Definitions
      At line 250 in file ..\\..\\..\\..\\src\\mcu\\rtl87x3\\arm\\startup_rtl87
x3d.s
      At line 354 in file ..\\..\\..\\..\\src\\mcu\\rtl87x3\\arm\\startup_rtl87
x3d.s
   Uses
      At line 356 in file ..\\..\\..\\..\\src\\mcu\\rtl87x3\\arm\\startup_rtl87
x3d.s
Warning: system_init multiply definedComment: system_init used once
17 symbols
587 symbols in table
